latitude,longitude
51.2868,-0.5103
51.2868,-.4958
51.2868,-.4813
51.2868,-.4668
51.2868,-.4523
51.2868,-.4378
51.2868,-.4233
51.2868,-.4088
51.2868,-.3943
51.2868,-.3798
51.2868,-.3653
51.2868,-.3508
51.2868,-.3363
51.2868,-.3218
51.2868,-.3073
51.2868,-.2928
51.2868,-.2783
51.2868,-.2638
51.2868,-.2493
51.2868,-.2348
51.2868,-.2203
51.2868,-.2058
51.2868,-.1913
51.2868,-.1768
51.2868,-.1623
51.2868,-.1478
51.2868,-.1333
51.2868,-.1188
51.2868,-.1043
51.2868,-.0898
51.2868,-.0753
51.2868,-.0608
51.2868,-.0463
51.2868,-.0318
51.2868,-.0173
51.2868,-.0028
51.2868,.0117
51.2868,.0262
51.2868,.0407
51.2868,.0552
51.2868,.0697
51.2868,.0842
51.2868,.0987
51.2868,.1132
51.2868,.1277
51.2868,.1422
51.2868,.1567
51.2868,.1712
51.2868,.1857
51.2868,.2002
51.2868,.2147
51.2868,.2292
51.2868,.2437
51.2868,.2582
51.2868,.2727
51.2868,.2872
51.2868,.3017
51.2868,.3162
51.2868,.3307
51.2958,-0.5103
51.2958,-.4958
51.2958,-.4813
51.2958,-.4668
51.2958,-.4523
51.2958,-.4378
51.2958,-.4233
51.2958,-.4088
51.2958,-.3943
51.2958,-.3798
51.2958,-.3653
51.2958,-.3508
51.2958,-.3363
51.2958,-.3218
51.2958,-.3073
51.2958,-.2928
51.2958,-.2783
51.2958,-.2638
51.2958,-.2493
51.2958,-.2348
51.2958,-.2203
51.2958,-.2058
51.2958,-.1913
51.2958,-.1768
51.2958,-.1623
51.2958,-.1478
51.2958,-.1333
51.2958,-.1188
51.2958,-.1043
51.2958,-.0898
51.2958,-.0753
51.2958,-.0608
51.2958,-.0463
51.2958,-.0318
51.2958,-.0173
51.2958,-.0028
51.2958,.0117
51.2958,.0262
51.2958,.0407
51.2958,.0552
51.2958,.0697
51.2958,.0842
51.2958,.0987
51.2958,.1132
51.2958,.1277
51.2958,.1422
51.2958,.1567
51.2958,.1712
51.2958,.1857
51.2958,.2002
51.2958,.2147
51.2958,.2292
51.2958,.2437
51.2958,.2582
51.2958,.2727
51.2958,.2872
51.2958,.3017
51.2958,.3162
51.2958,.3307
51.3048,-0.5103
51.3048,-.4958
51.3048,-.4813
51.3048,-.4668
51.3048,-.4523
51.3048,-.4378
51.3048,-.4233
51.3048,-.4088
51.3048,-.3943
51.3048,-.3798
51.3048,-.3653
51.3048,-.3508
51.3048,-.3363
51.3048,-.3218
51.3048,-.3073
51.3048,-.2928
51.3048,-.2783
51.3048,-.2638
51.3048,-.2493
51.3048,-.2348
51.3048,-.2203
51.3048,-.2058
51.3048,-.1913
51.3048,-.1768
51.3048,-.1623
51.3048,-.1478
51.3048,-.1333
51.3048,-.1188
51.3048,-.1043
51.3048,-.0898
51.3048,-.0753
51.3048,-.0608
51.3048,-.0463
51.3048,-.0318
51.3048,-.0173
51.3048,-.0028
51.3048,.0117
51.3048,.0262
51.3048,.0407
51.3048,.0552
51.3048,.0697
51.3048,.0842
51.3048,.0987
51.3048,.1132
51.3048,.1277
51.3048,.1422
51.3048,.1567
51.3048,.1712
51.3048,.1857
51.3048,.2002
51.3048,.2147
51.3048,.2292
51.3048,.2437
51.3048,.2582
51.3048,.2727
51.3048,.2872
51.3048,.3017
51.3048,.3162
51.3048,.3307
51.3138,-0.5103
51.3138,-.4958
51.3138,-.4813
51.3138,-.4668
51.3138,-.4523
51.3138,-.4378
51.3138,-.4233
51.3138,-.4088
51.3138,-.3943
51.3138,-.3798
51.3138,-.3653
51.3138,-.3508
51.3138,-.3363
51.3138,-.3218
51.3138,-.3073
51.3138,-.2928
51.3138,-.2783
51.3138,-.2638
51.3138,-.2493
51.3138,-.2348
51.3138,-.2203
51.3138,-.2058
51.3138,-.1913
51.3138,-.1768
51.3138,-.1623
51.3138,-.1478
51.3138,-.1333
51.3138,-.1188
51.3138,-.1043
51.3138,-.0898
51.3138,-.0753
51.3138,-.0608
51.3138,-.0463
51.3138,-.0318
51.3138,-.0173
51.3138,-.0028
51.3138,.0117
51.3138,.0262
51.3138,.0407
51.3138,.0552
51.3138,.0697
51.3138,.0842
51.3138,.0987
51.3138,.1132
51.3138,.1277
51.3138,.1422
51.3138,.1567
51.3138,.1712
51.3138,.1857
51.3138,.2002
51.3138,.2147
51.3138,.2292
51.3138,.2437
51.3138,.2582
51.3138,.2727
51.3138,.2872
51.3138,.3017
51.3138,.3162
51.3138,.3307
51.3228,-0.5103
51.3228,-.4958
51.3228,-.4813
51.3228,-.4668
51.3228,-.4523
51.3228,-.4378
51.3228,-.4233
51.3228,-.4088
51.3228,-.3943
51.3228,-.3798
51.3228,-.3653
51.3228,-.3508
51.3228,-.3363
51.3228,-.3218
51.3228,-.3073
51.3228,-.2928
51.3228,-.2783
51.3228,-.2638
51.3228,-.2493
51.3228,-.2348
51.3228,-.2203
51.3228,-.2058
51.3228,-.1913
51.3228,-.1768
51.3228,-.1623
51.3228,-.1478
51.3228,-.1333
51.3228,-.1188
51.3228,-.1043
51.3228,-.0898
51.3228,-.0753
51.3228,-.0608
51.3228,-.0463
51.3228,-.0318
51.3228,-.0173
51.3228,-.0028
51.3228,.0117
51.3228,.0262
51.3228,.0407
51.3228,.0552
51.3228,.0697
51.3228,.0842
51.3228,.0987
51.3228,.1132
51.3228,.1277
51.3228,.1422
51.3228,.1567
51.3228,.1712
51.3228,.1857
51.3228,.2002
51.3228,.2147
51.3228,.2292
51.3228,.2437
51.3228,.2582
51.3228,.2727
51.3228,.2872
51.3228,.3017
51.3228,.3162
51.3228,.3307
51.3318,-0.5103
51.3318,-.4958
51.3318,-.4813
51.3318,-.4668
51.3318,-.4523
51.3318,-.4378
51.3318,-.4233
51.3318,-.4088
51.3318,-.3943
51.3318,-.3798
51.3318,-.3653
51.3318,-.3508
51.3318,-.3363
51.3318,-.3218
51.3318,-.3073
51.3318,-.2928
51.3318,-.2783
51.3318,-.2638
51.3318,-.2493
51.3318,-.2348
51.3318,-.2203
51.3318,-.2058
51.3318,-.1913
51.3318,-.1768
51.3318,-.1623
51.3318,-.1478
51.3318,-.1333
51.3318,-.1188
51.3318,-.1043
51.3318,-.0898
51.3318,-.0753
51.3318,-.0608
51.3318,-.0463
51.3318,-.0318
51.3318,-.0173
51.3318,-.0028
51.3318,.0117
51.3318,.0262
51.3318,.0407
51.3318,.0552
51.3318,.0697
51.3318,.0842
51.3318,.0987
51.3318,.1132
51.3318,.1277
51.3318,.1422
51.3318,.1567
51.3318,.1712
51.3318,.1857
51.3318,.2002
51.3318,.2147
51.3318,.2292
51.3318,.2437
51.3318,.2582
51.3318,.2727
51.3318,.2872
51.3318,.3017
51.3318,.3162
51.3318,.3307
51.3408,-0.5103
51.3408,-.4958
51.3408,-.4813
51.3408,-.4668
51.3408,-.4523
51.3408,-.4378
51.3408,-.4233
51.3408,-.4088
51.3408,-.3943
51.3408,-.3798
51.3408,-.3653
51.3408,-.3508
51.3408,-.3363
51.3408,-.3218
51.3408,-.3073
51.3408,-.2928
51.3408,-.2783
51.3408,-.2638
51.3408,-.2493
51.3408,-.2348
51.3408,-.2203
51.3408,-.2058
51.3408,-.1913
51.3408,-.1768
51.3408,-.1623
51.3408,-.1478
51.3408,-.1333
51.3408,-.1188
51.3408,-.1043
51.3408,-.0898
51.3408,-.0753
51.3408,-.0608
51.3408,-.0463
51.3408,-.0318
51.3408,-.0173
51.3408,-.0028
51.3408,.0117
51.3408,.0262
51.3408,.0407
51.3408,.0552
51.3408,.0697
51.3408,.0842
51.3408,.0987
51.3408,.1132
51.3408,.1277
51.3408,.1422
51.3408,.1567
51.3408,.1712
51.3408,.1857
51.3408,.2002
51.3408,.2147
51.3408,.2292
51.3408,.2437
51.3408,.2582
51.3408,.2727
51.3408,.2872
51.3408,.3017
51.3408,.3162
51.3408,.3307
51.3498,-0.5103
51.3498,-.4958
51.3498,-.4813
51.3498,-.4668
51.3498,-.4523
51.3498,-.4378
51.3498,-.4233
51.3498,-.4088
51.3498,-.3943
51.3498,-.3798
51.3498,-.3653
51.3498,-.3508
51.3498,-.3363
51.3498,-.3218
51.3498,-.3073
51.3498,-.2928
51.3498,-.2783
51.3498,-.2638
51.3498,-.2493
51.3498,-.2348
51.3498,-.2203
51.3498,-.2058
51.3498,-.1913
51.3498,-.1768
51.3498,-.1623
51.3498,-.1478
51.3498,-.1333
51.3498,-.1188
51.3498,-.1043
51.3498,-.0898
51.3498,-.0753
51.3498,-.0608
51.3498,-.0463
51.3498,-.0318
51.3498,-.0173
51.3498,-.0028
51.3498,.0117
51.3498,.0262
51.3498,.0407
51.3498,.0552
51.3498,.0697
51.3498,.0842
51.3498,.0987
51.3498,.1132
51.3498,.1277
51.3498,.1422
51.3498,.1567
51.3498,.1712
51.3498,.1857
51.3498,.2002
51.3498,.2147
51.3498,.2292
51.3498,.2437
51.3498,.2582
51.3498,.2727
51.3498,.2872
51.3498,.3017
51.3498,.3162
51.3498,.3307
51.3588,-0.5103
51.3588,-.4958
51.3588,-.4813
51.3588,-.4668
51.3588,-.4523
51.3588,-.4378
51.3588,-.4233
51.3588,-.4088
51.3588,-.3943
51.3588,-.3798
51.3588,-.3653
51.3588,-.3508
51.3588,-.3363
51.3588,-.3218
51.3588,-.3073
51.3588,-.2928
51.3588,-.2783
51.3588,-.2638
51.3588,-.2493
51.3588,-.2348
51.3588,-.2203
51.3588,-.2058
51.3588,-.1913
51.3588,-.1768
51.3588,-.1623
51.3588,-.1478
51.3588,-.1333
51.3588,-.1188
51.3588,-.1043
51.3588,-.0898
51.3588,-.0753
51.3588,-.0608
51.3588,-.0463
51.3588,-.0318
51.3588,-.0173
51.3588,-.0028
51.3588,.0117
51.3588,.0262
51.3588,.0407
51.3588,.0552
51.3588,.0697
51.3588,.0842
51.3588,.0987
51.3588,.1132
51.3588,.1277
51.3588,.1422
51.3588,.1567
51.3588,.1712
51.3588,.1857
51.3588,.2002
51.3588,.2147
51.3588,.2292
51.3588,.2437
51.3588,.2582
51.3588,.2727
51.3588,.2872
51.3588,.3017
51.3588,.3162
51.3588,.3307
51.3678,-0.5103
51.3678,-.4958
51.3678,-.4813
51.3678,-.4668
51.3678,-.4523
51.3678,-.4378
51.3678,-.4233
51.3678,-.4088
51.3678,-.3943
51.3678,-.3798
51.3678,-.3653
51.3678,-.3508
51.3678,-.3363
51.3678,-.3218
51.3678,-.3073
51.3678,-.2928
51.3678,-.2783
51.3678,-.2638
51.3678,-.2493
51.3678,-.2348
51.3678,-.2203
51.3678,-.2058
51.3678,-.1913
51.3678,-.1768
51.3678,-.1623
51.3678,-.1478
51.3678,-.1333
51.3678,-.1188
51.3678,-.1043
51.3678,-.0898
51.3678,-.0753
51.3678,-.0608
51.3678,-.0463
51.3678,-.0318
51.3678,-.0173
51.3678,-.0028
51.3678,.0117
51.3678,.0262
51.3678,.0407
51.3678,.0552
51.3678,.0697
51.3678,.0842
51.3678,.0987
51.3678,.1132
51.3678,.1277
51.3678,.1422
51.3678,.1567
51.3678,.1712
51.3678,.1857
51.3678,.2002
51.3678,.2147
51.3678,.2292
51.3678,.2437
51.3678,.2582
51.3678,.2727
51.3678,.2872
51.3678,.3017
51.3678,.3162
51.3678,.3307
51.3768,-0.5103
51.3768,-.4958
51.3768,-.4813
51.3768,-.4668
51.3768,-.4523
51.3768,-.4378
51.3768,-.4233
51.3768,-.4088
51.3768,-.3943
51.3768,-.3798
51.3768,-.3653
51.3768,-.3508
51.3768,-.3363
51.3768,-.3218
51.3768,-.3073
51.3768,-.2928
51.3768,-.2783
51.3768,-.2638
51.3768,-.2493
51.3768,-.2348
51.3768,-.2203
51.3768,-.2058
51.3768,-.1913
51.3768,-.1768
51.3768,-.1623
51.3768,-.1478
51.3768,-.1333
51.3768,-.1188
51.3768,-.1043
51.3768,-.0898
51.3768,-.0753
51.3768,-.0608
51.3768,-.0463
51.3768,-.0318
51.3768,-.0173
51.3768,-.0028
51.3768,.0117
51.3768,.0262
51.3768,.0407
51.3768,.0552
51.3768,.0697
51.3768,.0842
51.3768,.0987
51.3768,.1132
51.3768,.1277
51.3768,.1422
51.3768,.1567
51.3768,.1712
51.3768,.1857
51.3768,.2002
51.3768,.2147
51.3768,.2292
51.3768,.2437
51.3768,.2582
51.3768,.2727
51.3768,.2872
51.3768,.3017
51.3768,.3162
51.3768,.3307
51.3858,-0.5103
51.3858,-.4958
51.3858,-.4813
51.3858,-.4668
51.3858,-.4523
51.3858,-.4378
51.3858,-.4233
51.3858,-.4088
51.3858,-.3943
51.3858,-.3798
51.3858,-.3653
51.3858,-.3508
51.3858,-.3363
51.3858,-.3218
51.3858,-.3073
51.3858,-.2928
51.3858,-.2783
51.3858,-.2638
51.3858,-.2493
51.3858,-.2348
51.3858,-.2203
51.3858,-.2058
51.3858,-.1913
51.3858,-.1768
51.3858,-.1623
51.3858,-.1478
51.3858,-.1333
51.3858,-.1188
51.3858,-.1043
51.3858,-.0898
51.3858,-.0753
51.3858,-.0608
51.3858,-.0463
51.3858,-.0318
51.3858,-.0173
51.3858,-.0028
51.3858,.0117
51.3858,.0262
51.3858,.0407
51.3858,.0552
51.3858,.0697
51.3858,.0842
51.3858,.0987
51.3858,.1132
51.3858,.1277
51.3858,.1422
51.3858,.1567
51.3858,.1712
51.3858,.1857
51.3858,.2002
51.3858,.2147
51.3858,.2292
51.3858,.2437
51.3858,.2582
51.3858,.2727
51.3858,.2872
51.3858,.3017
51.3858,.3162
51.3858,.3307
51.3948,-0.5103
51.3948,-.4958
51.3948,-.4813
51.3948,-.4668
51.3948,-.4523
51.3948,-.4378
51.3948,-.4233
51.3948,-.4088
51.3948,-.3943
51.3948,-.3798
51.3948,-.3653
51.3948,-.3508
51.3948,-.3363
51.3948,-.3218
51.3948,-.3073
51.3948,-.2928
51.3948,-.2783
51.3948,-.2638
51.3948,-.2493
51.3948,-.2348
51.3948,-.2203
51.3948,-.2058
51.3948,-.1913
51.3948,-.1768
51.3948,-.1623
51.3948,-.1478
51.3948,-.1333
51.3948,-.1188
51.3948,-.1043
51.3948,-.0898
51.3948,-.0753
51.3948,-.0608
51.3948,-.0463
51.3948,-.0318
51.3948,-.0173
51.3948,-.0028
51.3948,.0117
51.3948,.0262
51.3948,.0407
51.3948,.0552
51.3948,.0697
51.3948,.0842
51.3948,.0987
51.3948,.1132
51.3948,.1277
51.3948,.1422
51.3948,.1567
51.3948,.1712
51.3948,.1857
51.3948,.2002
51.3948,.2147
51.3948,.2292
51.3948,.2437
51.3948,.2582
51.3948,.2727
51.3948,.2872
51.3948,.3017
51.3948,.3162
51.3948,.3307
51.4038,-0.5103
51.4038,-.4958
51.4038,-.4813
51.4038,-.4668
51.4038,-.4523
51.4038,-.4378
51.4038,-.4233
51.4038,-.4088
51.4038,-.3943
51.4038,-.3798
51.4038,-.3653
51.4038,-.3508
51.4038,-.3363
51.4038,-.3218
51.4038,-.3073
51.4038,-.2928
51.4038,-.2783
51.4038,-.2638
51.4038,-.2493
51.4038,-.2348
51.4038,-.2203
51.4038,-.2058
51.4038,-.1913
51.4038,-.1768
51.4038,-.1623
51.4038,-.1478
51.4038,-.1333
51.4038,-.1188
51.4038,-.1043
51.4038,-.0898
51.4038,-.0753
51.4038,-.0608
51.4038,-.0463
51.4038,-.0318
51.4038,-.0173
51.4038,-.0028
51.4038,.0117
51.4038,.0262
51.4038,.0407
51.4038,.0552
51.4038,.0697
51.4038,.0842
51.4038,.0987
51.4038,.1132
51.4038,.1277
51.4038,.1422
51.4038,.1567
51.4038,.1712
51.4038,.1857
51.4038,.2002
51.4038,.2147
51.4038,.2292
51.4038,.2437
51.4038,.2582
51.4038,.2727
51.4038,.2872
51.4038,.3017
51.4038,.3162
51.4038,.3307
51.4128,-0.5103
51.4128,-.4958
51.4128,-.4813
51.4128,-.4668
51.4128,-.4523
51.4128,-.4378
51.4128,-.4233
51.4128,-.4088
51.4128,-.3943
51.4128,-.3798
51.4128,-.3653
51.4128,-.3508
51.4128,-.3363
51.4128,-.3218
51.4128,-.3073
51.4128,-.2928
51.4128,-.2783
51.4128,-.2638
51.4128,-.2493
51.4128,-.2348
51.4128,-.2203
51.4128,-.2058
51.4128,-.1913
51.4128,-.1768
51.4128,-.1623
51.4128,-.1478
51.4128,-.1333
51.4128,-.1188
51.4128,-.1043
51.4128,-.0898
51.4128,-.0753
51.4128,-.0608
51.4128,-.0463
51.4128,-.0318
51.4128,-.0173
51.4128,-.0028
51.4128,.0117
51.4128,.0262
51.4128,.0407
51.4128,.0552
51.4128,.0697
51.4128,.0842
51.4128,.0987
51.4128,.1132
51.4128,.1277
51.4128,.1422
51.4128,.1567
51.4128,.1712
51.4128,.1857
51.4128,.2002
51.4128,.2147
51.4128,.2292
51.4128,.2437
51.4128,.2582
51.4128,.2727
51.4128,.2872
51.4128,.3017
51.4128,.3162
51.4128,.3307
51.4218,-0.5103
51.4218,-.4958
51.4218,-.4813
51.4218,-.4668
51.4218,-.4523
51.4218,-.4378
51.4218,-.4233
51.4218,-.4088
51.4218,-.3943
51.4218,-.3798
51.4218,-.3653
51.4218,-.3508
51.4218,-.3363
51.4218,-.3218
51.4218,-.3073
51.4218,-.2928
51.4218,-.2783
51.4218,-.2638
51.4218,-.2493
51.4218,-.2348
51.4218,-.2203
51.4218,-.2058
51.4218,-.1913
51.4218,-.1768
51.4218,-.1623
51.4218,-.1478
51.4218,-.1333
51.4218,-.1188
51.4218,-.1043
51.4218,-.0898
51.4218,-.0753
51.4218,-.0608
51.4218,-.0463
51.4218,-.0318
51.4218,-.0173
51.4218,-.0028
51.4218,.0117
51.4218,.0262
51.4218,.0407
51.4218,.0552
51.4218,.0697
51.4218,.0842
51.4218,.0987
51.4218,.1132
51.4218,.1277
51.4218,.1422
51.4218,.1567
51.4218,.1712
51.4218,.1857
51.4218,.2002
51.4218,.2147
51.4218,.2292
51.4218,.2437
51.4218,.2582
51.4218,.2727
51.4218,.2872
51.4218,.3017
51.4218,.3162
51.4218,.3307
51.4308,-0.5103
51.4308,-.4958
51.4308,-.4813
51.4308,-.4668
51.4308,-.4523
51.4308,-.4378
51.4308,-.4233
51.4308,-.4088
51.4308,-.3943
51.4308,-.3798
51.4308,-.3653
51.4308,-.3508
51.4308,-.3363
51.4308,-.3218
51.4308,-.3073
51.4308,-.2928
51.4308,-.2783
51.4308,-.2638
51.4308,-.2493
51.4308,-.2348
51.4308,-.2203
51.4308,-.2058
51.4308,-.1913
51.4308,-.1768
51.4308,-.1623
51.4308,-.1478
51.4308,-.1333
51.4308,-.1188
51.4308,-.1043
51.4308,-.0898
51.4308,-.0753
51.4308,-.0608
51.4308,-.0463
51.4308,-.0318
51.4308,-.0173
51.4308,-.0028
51.4308,.0117
51.4308,.0262
51.4308,.0407
51.4308,.0552
51.4308,.0697
51.4308,.0842
51.4308,.0987
51.4308,.1132
51.4308,.1277
51.4308,.1422
51.4308,.1567
51.4308,.1712
51.4308,.1857
51.4308,.2002
51.4308,.2147
51.4308,.2292
51.4308,.2437
51.4308,.2582
51.4308,.2727
51.4308,.2872
51.4308,.3017
51.4308,.3162
51.4308,.3307
51.4398,-0.5103
51.4398,-.4958
51.4398,-.4813
51.4398,-.4668
51.4398,-.4523
51.4398,-.4378
51.4398,-.4233
51.4398,-.4088
51.4398,-.3943
51.4398,-.3798
51.4398,-.3653
51.4398,-.3508
51.4398,-.3363
51.4398,-.3218
51.4398,-.3073
51.4398,-.2928
51.4398,-.2783
51.4398,-.2638
51.4398,-.2493
51.4398,-.2348
51.4398,-.2203
51.4398,-.2058
51.4398,-.1913
51.4398,-.1768
51.4398,-.1623
51.4398,-.1478
51.4398,-.1333
51.4398,-.1188
51.4398,-.1043
51.4398,-.0898
51.4398,-.0753
51.4398,-.0608
51.4398,-.0463
51.4398,-.0318
51.4398,-.0173
51.4398,-.0028
51.4398,.0117
51.4398,.0262
51.4398,.0407
51.4398,.0552
51.4398,.0697
51.4398,.0842
51.4398,.0987
51.4398,.1132
51.4398,.1277
51.4398,.1422
51.4398,.1567
51.4398,.1712
51.4398,.1857
51.4398,.2002
51.4398,.2147
51.4398,.2292
51.4398,.2437
51.4398,.2582
51.4398,.2727
51.4398,.2872
51.4398,.3017
51.4398,.3162
51.4398,.3307
51.4488,-0.5103
51.4488,-.4958
51.4488,-.4813
51.4488,-.4668
51.4488,-.4523
51.4488,-.4378
51.4488,-.4233
51.4488,-.4088
51.4488,-.3943
51.4488,-.3798
51.4488,-.3653
51.4488,-.3508
51.4488,-.3363
51.4488,-.3218
51.4488,-.3073
51.4488,-.2928
51.4488,-.2783
51.4488,-.2638
51.4488,-.2493
51.4488,-.2348
51.4488,-.2203
51.4488,-.2058
51.4488,-.1913
51.4488,-.1768
51.4488,-.1623
51.4488,-.1478
51.4488,-.1333
51.4488,-.1188
51.4488,-.1043
51.4488,-.0898
51.4488,-.0753
51.4488,-.0608
51.4488,-.0463
51.4488,-.0318
51.4488,-.0173
51.4488,-.0028
51.4488,.0117
51.4488,.0262
51.4488,.0407
51.4488,.0552
51.4488,.0697
51.4488,.0842
51.4488,.0987
51.4488,.1132
51.4488,.1277
51.4488,.1422
51.4488,.1567
51.4488,.1712
51.4488,.1857
51.4488,.2002
51.4488,.2147
51.4488,.2292
51.4488,.2437
51.4488,.2582
51.4488,.2727
51.4488,.2872
51.4488,.3017
51.4488,.3162
51.4488,.3307
51.4578,-0.5103
51.4578,-.4958
51.4578,-.4813
51.4578,-.4668
51.4578,-.4523
51.4578,-.4378
51.4578,-.4233
51.4578,-.4088
51.4578,-.3943
51.4578,-.3798
51.4578,-.3653
51.4578,-.3508
51.4578,-.3363
51.4578,-.3218
51.4578,-.3073
51.4578,-.2928
51.4578,-.2783
51.4578,-.2638
51.4578,-.2493
51.4578,-.2348
51.4578,-.2203
51.4578,-.2058
51.4578,-.1913
51.4578,-.1768
51.4578,-.1623
51.4578,-.1478
51.4578,-.1333
51.4578,-.1188
51.4578,-.1043
51.4578,-.0898
51.4578,-.0753
51.4578,-.0608
51.4578,-.0463
51.4578,-.0318
51.4578,-.0173
51.4578,-.0028
51.4578,.0117
51.4578,.0262
51.4578,.0407
51.4578,.0552
51.4578,.0697
51.4578,.0842
51.4578,.0987
51.4578,.1132
51.4578,.1277
51.4578,.1422
51.4578,.1567
51.4578,.1712
51.4578,.1857
51.4578,.2002
51.4578,.2147
51.4578,.2292
51.4578,.2437
51.4578,.2582
51.4578,.2727
51.4578,.2872
51.4578,.3017
51.4578,.3162
51.4578,.3307
51.4668,-0.5103
51.4668,-.4958
51.4668,-.4813
51.4668,-.4668
51.4668,-.4523
51.4668,-.4378
51.4668,-.4233
51.4668,-.4088
51.4668,-.3943
51.4668,-.3798
51.4668,-.3653
51.4668,-.3508
51.4668,-.3363
51.4668,-.3218
51.4668,-.3073
51.4668,-.2928
51.4668,-.2783
51.4668,-.2638
51.4668,-.2493
51.4668,-.2348
51.4668,-.2203
51.4668,-.2058
51.4668,-.1913
51.4668,-.1768
51.4668,-.1623
51.4668,-.1478
51.4668,-.1333
51.4668,-.1188
51.4668,-.1043
51.4668,-.0898
51.4668,-.0753
51.4668,-.0608
51.4668,-.0463
51.4668,-.0318
51.4668,-.0173
51.4668,-.0028
51.4668,.0117
51.4668,.0262
51.4668,.0407
51.4668,.0552
51.4668,.0697
51.4668,.0842
51.4668,.0987
51.4668,.1132
51.4668,.1277
51.4668,.1422
51.4668,.1567
51.4668,.1712
51.4668,.1857
51.4668,.2002
51.4668,.2147
51.4668,.2292
51.4668,.2437
51.4668,.2582
51.4668,.2727
51.4668,.2872
51.4668,.3017
51.4668,.3162
51.4668,.3307
51.4758,-0.5103
51.4758,-.4958
51.4758,-.4813
51.4758,-.4668
51.4758,-.4523
51.4758,-.4378
51.4758,-.4233
51.4758,-.4088
51.4758,-.3943
51.4758,-.3798
51.4758,-.3653
51.4758,-.3508
51.4758,-.3363
51.4758,-.3218
51.4758,-.3073
51.4758,-.2928
51.4758,-.2783
51.4758,-.2638
51.4758,-.2493
51.4758,-.2348
51.4758,-.2203
51.4758,-.2058
51.4758,-.1913
51.4758,-.1768
51.4758,-.1623
51.4758,-.1478
51.4758,-.1333
51.4758,-.1188
51.4758,-.1043
51.4758,-.0898
51.4758,-.0753
51.4758,-.0608
51.4758,-.0463
51.4758,-.0318
51.4758,-.0173
51.4758,-.0028
51.4758,.0117
51.4758,.0262
51.4758,.0407
51.4758,.0552
51.4758,.0697
51.4758,.0842
51.4758,.0987
51.4758,.1132
51.4758,.1277
51.4758,.1422
51.4758,.1567
51.4758,.1712
51.4758,.1857
51.4758,.2002
51.4758,.2147
51.4758,.2292
51.4758,.2437
51.4758,.2582
51.4758,.2727
51.4758,.2872
51.4758,.3017
51.4758,.3162
51.4758,.3307
51.4848,-0.5103
51.4848,-.4958
51.4848,-.4813
51.4848,-.4668
51.4848,-.4523
51.4848,-.4378
51.4848,-.4233
51.4848,-.4088
51.4848,-.3943
51.4848,-.3798
51.4848,-.3653
51.4848,-.3508
51.4848,-.3363
51.4848,-.3218
51.4848,-.3073
51.4848,-.2928
51.4848,-.2783
51.4848,-.2638
51.4848,-.2493
51.4848,-.2348
51.4848,-.2203
51.4848,-.2058
51.4848,-.1913
51.4848,-.1768
51.4848,-.1623
51.4848,-.1478
51.4848,-.1333
51.4848,-.1188
51.4848,-.1043
51.4848,-.0898
51.4848,-.0753
51.4848,-.0608
51.4848,-.0463
51.4848,-.0318
51.4848,-.0173
51.4848,-.0028
51.4848,.0117
51.4848,.0262
51.4848,.0407
51.4848,.0552
51.4848,.0697
51.4848,.0842
51.4848,.0987
51.4848,.1132
51.4848,.1277
51.4848,.1422
51.4848,.1567
51.4848,.1712
51.4848,.1857
51.4848,.2002
51.4848,.2147
51.4848,.2292
51.4848,.2437
51.4848,.2582
51.4848,.2727
51.4848,.2872
51.4848,.3017
51.4848,.3162
51.4848,.3307
51.4938,-0.5103
51.4938,-.4958
51.4938,-.4813
51.4938,-.4668
51.4938,-.4523
51.4938,-.4378
51.4938,-.4233
51.4938,-.4088
51.4938,-.3943
51.4938,-.3798
51.4938,-.3653
51.4938,-.3508
51.4938,-.3363
51.4938,-.3218
51.4938,-.3073
51.4938,-.2928
51.4938,-.2783
51.4938,-.2638
51.4938,-.2493
51.4938,-.2348
51.4938,-.2203
51.4938,-.2058
51.4938,-.1913
51.4938,-.1768
51.4938,-.1623
51.4938,-.1478
51.4938,-.1333
51.4938,-.1188
51.4938,-.1043
51.4938,-.0898
51.4938,-.0753
51.4938,-.0608
51.4938,-.0463
51.4938,-.0318
51.4938,-.0173
51.4938,-.0028
51.4938,.0117
51.4938,.0262
51.4938,.0407
51.4938,.0552
51.4938,.0697
51.4938,.0842
51.4938,.0987
51.4938,.1132
51.4938,.1277
51.4938,.1422
51.4938,.1567
51.4938,.1712
51.4938,.1857
51.4938,.2002
51.4938,.2147
51.4938,.2292
51.4938,.2437
51.4938,.2582
51.4938,.2727
51.4938,.2872
51.4938,.3017
51.4938,.3162
51.4938,.3307
51.5028,-0.5103
51.5028,-.4958
51.5028,-.4813
51.5028,-.4668
51.5028,-.4523
51.5028,-.4378
51.5028,-.4233
51.5028,-.4088
51.5028,-.3943
51.5028,-.3798
51.5028,-.3653
51.5028,-.3508
51.5028,-.3363
51.5028,-.3218
51.5028,-.3073
51.5028,-.2928
51.5028,-.2783
51.5028,-.2638
51.5028,-.2493
51.5028,-.2348
51.5028,-.2203
51.5028,-.2058
51.5028,-.1913
51.5028,-.1768
51.5028,-.1623
51.5028,-.1478
51.5028,-.1333
51.5028,-.1188
51.5028,-.1043
51.5028,-.0898
51.5028,-.0753
51.5028,-.0608
51.5028,-.0463
51.5028,-.0318
51.5028,-.0173
51.5028,-.0028
51.5028,.0117
51.5028,.0262
51.5028,.0407
51.5028,.0552
51.5028,.0697
51.5028,.0842
51.5028,.0987
51.5028,.1132
51.5028,.1277
51.5028,.1422
51.5028,.1567
51.5028,.1712
51.5028,.1857
51.5028,.2002
51.5028,.2147
51.5028,.2292
51.5028,.2437
51.5028,.2582
51.5028,.2727
51.5028,.2872
51.5028,.3017
51.5028,.3162
51.5028,.3307
51.5118,-0.5103
51.5118,-.4958
51.5118,-.4813
51.5118,-.4668
51.5118,-.4523
51.5118,-.4378
51.5118,-.4233
51.5118,-.4088
51.5118,-.3943
51.5118,-.3798
51.5118,-.3653
51.5118,-.3508
51.5118,-.3363
51.5118,-.3218
51.5118,-.3073
51.5118,-.2928
51.5118,-.2783
51.5118,-.2638
51.5118,-.2493
51.5118,-.2348
51.5118,-.2203
51.5118,-.2058
51.5118,-.1913
51.5118,-.1768
51.5118,-.1623
51.5118,-.1478
51.5118,-.1333
51.5118,-.1188
51.5118,-.1043
51.5118,-.0898
51.5118,-.0753
51.5118,-.0608
51.5118,-.0463
51.5118,-.0318
51.5118,-.0173
51.5118,-.0028
51.5118,.0117
51.5118,.0262
51.5118,.0407
51.5118,.0552
51.5118,.0697
51.5118,.0842
51.5118,.0987
51.5118,.1132
51.5118,.1277
51.5118,.1422
51.5118,.1567
51.5118,.1712
51.5118,.1857
51.5118,.2002
51.5118,.2147
51.5118,.2292
51.5118,.2437
51.5118,.2582
51.5118,.2727
51.5118,.2872
51.5118,.3017
51.5118,.3162
51.5118,.3307
51.5208,-0.5103
51.5208,-.4958
51.5208,-.4813
51.5208,-.4668
51.5208,-.4523
51.5208,-.4378
51.5208,-.4233
51.5208,-.4088
51.5208,-.3943
51.5208,-.3798
51.5208,-.3653
51.5208,-.3508
51.5208,-.3363
51.5208,-.3218
51.5208,-.3073
51.5208,-.2928
51.5208,-.2783
51.5208,-.2638
51.5208,-.2493
51.5208,-.2348
51.5208,-.2203
51.5208,-.2058
51.5208,-.1913
51.5208,-.1768
51.5208,-.1623
51.5208,-.1478
51.5208,-.1333
51.5208,-.1188
51.5208,-.1043
51.5208,-.0898
51.5208,-.0753
51.5208,-.0608
51.5208,-.0463
51.5208,-.0318
51.5208,-.0173
51.5208,-.0028
51.5208,.0117
51.5208,.0262
51.5208,.0407
51.5208,.0552
51.5208,.0697
51.5208,.0842
51.5208,.0987
51.5208,.1132
51.5208,.1277
51.5208,.1422
51.5208,.1567
51.5208,.1712
51.5208,.1857
51.5208,.2002
51.5208,.2147
51.5208,.2292
51.5208,.2437
51.5208,.2582
51.5208,.2727
51.5208,.2872
51.5208,.3017
51.5208,.3162
51.5208,.3307
51.5298,-0.5103
51.5298,-.4958
51.5298,-.4813
51.5298,-.4668
51.5298,-.4523
51.5298,-.4378
51.5298,-.4233
51.5298,-.4088
51.5298,-.3943
51.5298,-.3798
51.5298,-.3653
51.5298,-.3508
51.5298,-.3363
51.5298,-.3218
51.5298,-.3073
51.5298,-.2928
51.5298,-.2783
51.5298,-.2638
51.5298,-.2493
51.5298,-.2348
51.5298,-.2203
51.5298,-.2058
51.5298,-.1913
51.5298,-.1768
51.5298,-.1623
51.5298,-.1478
51.5298,-.1333
51.5298,-.1188
51.5298,-.1043
51.5298,-.0898
51.5298,-.0753
51.5298,-.0608
51.5298,-.0463
51.5298,-.0318
51.5298,-.0173
51.5298,-.0028
51.5298,.0117
51.5298,.0262
51.5298,.0407
51.5298,.0552
51.5298,.0697
51.5298,.0842
51.5298,.0987
51.5298,.1132
51.5298,.1277
51.5298,.1422
51.5298,.1567
51.5298,.1712
51.5298,.1857
51.5298,.2002
51.5298,.2147
51.5298,.2292
51.5298,.2437
51.5298,.2582
51.5298,.2727
51.5298,.2872
51.5298,.3017
51.5298,.3162
51.5298,.3307
51.5388,-0.5103
51.5388,-.4958
51.5388,-.4813
51.5388,-.4668
51.5388,-.4523
51.5388,-.4378
51.5388,-.4233
51.5388,-.4088
51.5388,-.3943
51.5388,-.3798
51.5388,-.3653
51.5388,-.3508
51.5388,-.3363
51.5388,-.3218
51.5388,-.3073
51.5388,-.2928
51.5388,-.2783
51.5388,-.2638
51.5388,-.2493
51.5388,-.2348
51.5388,-.2203
51.5388,-.2058
51.5388,-.1913
51.5388,-.1768
51.5388,-.1623
51.5388,-.1478
51.5388,-.1333
51.5388,-.1188
51.5388,-.1043
51.5388,-.0898
51.5388,-.0753
51.5388,-.0608
51.5388,-.0463
51.5388,-.0318
51.5388,-.0173
51.5388,-.0028
51.5388,.0117
51.5388,.0262
51.5388,.0407
51.5388,.0552
51.5388,.0697
51.5388,.0842
51.5388,.0987
51.5388,.1132
51.5388,.1277
51.5388,.1422
51.5388,.1567
51.5388,.1712
51.5388,.1857
51.5388,.2002
51.5388,.2147
51.5388,.2292
51.5388,.2437
51.5388,.2582
51.5388,.2727
51.5388,.2872
51.5388,.3017
51.5388,.3162
51.5388,.3307
51.5478,-0.5103
51.5478,-.4958
51.5478,-.4813
51.5478,-.4668
51.5478,-.4523
51.5478,-.4378
51.5478,-.4233
51.5478,-.4088
51.5478,-.3943
51.5478,-.3798
51.5478,-.3653
51.5478,-.3508
51.5478,-.3363
51.5478,-.3218
51.5478,-.3073
51.5478,-.2928
51.5478,-.2783
51.5478,-.2638
51.5478,-.2493
51.5478,-.2348
51.5478,-.2203
51.5478,-.2058
51.5478,-.1913
51.5478,-.1768
51.5478,-.1623
51.5478,-.1478
51.5478,-.1333
51.5478,-.1188
51.5478,-.1043
51.5478,-.0898
51.5478,-.0753
51.5478,-.0608
51.5478,-.0463
51.5478,-.0318
51.5478,-.0173
51.5478,-.0028
51.5478,.0117
51.5478,.0262
51.5478,.0407
51.5478,.0552
51.5478,.0697
51.5478,.0842
51.5478,.0987
51.5478,.1132
51.5478,.1277
51.5478,.1422
51.5478,.1567
51.5478,.1712
51.5478,.1857
51.5478,.2002
51.5478,.2147
51.5478,.2292
51.5478,.2437
51.5478,.2582
51.5478,.2727
51.5478,.2872
51.5478,.3017
51.5478,.3162
51.5478,.3307
51.5568,-0.5103
51.5568,-.4958
51.5568,-.4813
51.5568,-.4668
51.5568,-.4523
51.5568,-.4378
51.5568,-.4233
51.5568,-.4088
51.5568,-.3943
51.5568,-.3798
51.5568,-.3653
51.5568,-.3508
51.5568,-.3363
51.5568,-.3218
51.5568,-.3073
51.5568,-.2928
51.5568,-.2783
51.5568,-.2638
51.5568,-.2493
51.5568,-.2348
51.5568,-.2203
51.5568,-.2058
51.5568,-.1913
51.5568,-.1768
51.5568,-.1623
51.5568,-.1478
51.5568,-.1333
51.5568,-.1188
51.5568,-.1043
51.5568,-.0898
51.5568,-.0753
51.5568,-.0608
51.5568,-.0463
51.5568,-.0318
51.5568,-.0173
51.5568,-.0028
51.5568,.0117
51.5568,.0262
51.5568,.0407
51.5568,.0552
51.5568,.0697
51.5568,.0842
51.5568,.0987
51.5568,.1132
51.5568,.1277
51.5568,.1422
51.5568,.1567
51.5568,.1712
51.5568,.1857
51.5568,.2002
51.5568,.2147
51.5568,.2292
51.5568,.2437
51.5568,.2582
51.5568,.2727
51.5568,.2872
51.5568,.3017
51.5568,.3162
51.5568,.3307
51.5658,-0.5103
51.5658,-.4958
51.5658,-.4813
51.5658,-.4668
51.5658,-.4523
51.5658,-.4378
51.5658,-.4233
51.5658,-.4088
51.5658,-.3943
51.5658,-.3798
51.5658,-.3653
51.5658,-.3508
51.5658,-.3363
51.5658,-.3218
51.5658,-.3073
51.5658,-.2928
51.5658,-.2783
51.5658,-.2638
51.5658,-.2493
51.5658,-.2348
51.5658,-.2203
51.5658,-.2058
51.5658,-.1913
51.5658,-.1768
51.5658,-.1623
51.5658,-.1478
51.5658,-.1333
51.5658,-.1188
51.5658,-.1043
51.5658,-.0898
51.5658,-.0753
51.5658,-.0608
51.5658,-.0463
51.5658,-.0318
51.5658,-.0173
51.5658,-.0028
51.5658,.0117
51.5658,.0262
51.5658,.0407
51.5658,.0552
51.5658,.0697
51.5658,.0842
51.5658,.0987
51.5658,.1132
51.5658,.1277
51.5658,.1422
51.5658,.1567
51.5658,.1712
51.5658,.1857
51.5658,.2002
51.5658,.2147
51.5658,.2292
51.5658,.2437
51.5658,.2582
51.5658,.2727
51.5658,.2872
51.5658,.3017
51.5658,.3162
51.5658,.3307
51.5748,-0.5103
51.5748,-.4958
51.5748,-.4813
51.5748,-.4668
51.5748,-.4523
51.5748,-.4378
51.5748,-.4233
51.5748,-.4088
51.5748,-.3943
51.5748,-.3798
51.5748,-.3653
51.5748,-.3508
51.5748,-.3363
51.5748,-.3218
51.5748,-.3073
51.5748,-.2928
51.5748,-.2783
51.5748,-.2638
51.5748,-.2493
51.5748,-.2348
51.5748,-.2203
51.5748,-.2058
51.5748,-.1913
51.5748,-.1768
51.5748,-.1623
51.5748,-.1478
51.5748,-.1333
51.5748,-.1188
51.5748,-.1043
51.5748,-.0898
51.5748,-.0753
51.5748,-.0608
51.5748,-.0463
51.5748,-.0318
51.5748,-.0173
51.5748,-.0028
51.5748,.0117
51.5748,.0262
51.5748,.0407
51.5748,.0552
51.5748,.0697
51.5748,.0842
51.5748,.0987
51.5748,.1132
51.5748,.1277
51.5748,.1422
51.5748,.1567
51.5748,.1712
51.5748,.1857
51.5748,.2002
51.5748,.2147
51.5748,.2292
51.5748,.2437
51.5748,.2582
51.5748,.2727
51.5748,.2872
51.5748,.3017
51.5748,.3162
51.5748,.3307
51.5838,-0.5103
51.5838,-.4958
51.5838,-.4813
51.5838,-.4668
51.5838,-.4523
51.5838,-.4378
51.5838,-.4233
51.5838,-.4088
51.5838,-.3943
51.5838,-.3798
51.5838,-.3653
51.5838,-.3508
51.5838,-.3363
51.5838,-.3218
51.5838,-.3073
51.5838,-.2928
51.5838,-.2783
51.5838,-.2638
51.5838,-.2493
51.5838,-.2348
51.5838,-.2203
51.5838,-.2058
51.5838,-.1913
51.5838,-.1768
51.5838,-.1623
51.5838,-.1478
51.5838,-.1333
51.5838,-.1188
51.5838,-.1043
51.5838,-.0898
51.5838,-.0753
51.5838,-.0608
51.5838,-.0463
51.5838,-.0318
51.5838,-.0173
51.5838,-.0028
51.5838,.0117
51.5838,.0262
51.5838,.0407
51.5838,.0552
51.5838,.0697
51.5838,.0842
51.5838,.0987
51.5838,.1132
51.5838,.1277
51.5838,.1422
51.5838,.1567
51.5838,.1712
51.5838,.1857
51.5838,.2002
51.5838,.2147
51.5838,.2292
51.5838,.2437
51.5838,.2582
51.5838,.2727
51.5838,.2872
51.5838,.3017
51.5838,.3162
51.5838,.3307
51.5928,-0.5103
51.5928,-.4958
51.5928,-.4813
51.5928,-.4668
51.5928,-.4523
51.5928,-.4378
51.5928,-.4233
51.5928,-.4088
51.5928,-.3943
51.5928,-.3798
51.5928,-.3653
51.5928,-.3508
51.5928,-.3363
51.5928,-.3218
51.5928,-.3073
51.5928,-.2928
51.5928,-.2783
51.5928,-.2638
51.5928,-.2493
51.5928,-.2348
51.5928,-.2203
51.5928,-.2058
51.5928,-.1913
51.5928,-.1768
51.5928,-.1623
51.5928,-.1478
51.5928,-.1333
51.5928,-.1188
51.5928,-.1043
51.5928,-.0898
51.5928,-.0753
51.5928,-.0608
51.5928,-.0463
51.5928,-.0318
51.5928,-.0173
51.5928,-.0028
51.5928,.0117
51.5928,.0262
51.5928,.0407
51.5928,.0552
51.5928,.0697
51.5928,.0842
51.5928,.0987
51.5928,.1132
51.5928,.1277
51.5928,.1422
51.5928,.1567
51.5928,.1712
51.5928,.1857
51.5928,.2002
51.5928,.2147
51.5928,.2292
51.5928,.2437
51.5928,.2582
51.5928,.2727
51.5928,.2872
51.5928,.3017
51.5928,.3162
51.5928,.3307
51.6018,-0.5103
51.6018,-.4958
51.6018,-.4813
51.6018,-.4668
51.6018,-.4523
51.6018,-.4378
51.6018,-.4233
51.6018,-.4088
51.6018,-.3943
51.6018,-.3798
51.6018,-.3653
51.6018,-.3508
51.6018,-.3363
51.6018,-.3218
51.6018,-.3073
51.6018,-.2928
51.6018,-.2783
51.6018,-.2638
51.6018,-.2493
51.6018,-.2348
51.6018,-.2203
51.6018,-.2058
51.6018,-.1913
51.6018,-.1768
51.6018,-.1623
51.6018,-.1478
51.6018,-.1333
51.6018,-.1188
51.6018,-.1043
51.6018,-.0898
51.6018,-.0753
51.6018,-.0608
51.6018,-.0463
51.6018,-.0318
51.6018,-.0173
51.6018,-.0028
51.6018,.0117
51.6018,.0262
51.6018,.0407
51.6018,.0552
51.6018,.0697
51.6018,.0842
51.6018,.0987
51.6018,.1132
51.6018,.1277
51.6018,.1422
51.6018,.1567
51.6018,.1712
51.6018,.1857
51.6018,.2002
51.6018,.2147
51.6018,.2292
51.6018,.2437
51.6018,.2582
51.6018,.2727
51.6018,.2872
51.6018,.3017
51.6018,.3162
51.6018,.3307
51.6108,-0.5103
51.6108,-.4958
51.6108,-.4813
51.6108,-.4668
51.6108,-.4523
51.6108,-.4378
51.6108,-.4233
51.6108,-.4088
51.6108,-.3943
51.6108,-.3798
51.6108,-.3653
51.6108,-.3508
51.6108,-.3363
51.6108,-.3218
51.6108,-.3073
51.6108,-.2928
51.6108,-.2783
51.6108,-.2638
51.6108,-.2493
51.6108,-.2348
51.6108,-.2203
51.6108,-.2058
51.6108,-.1913
51.6108,-.1768
51.6108,-.1623
51.6108,-.1478
51.6108,-.1333
51.6108,-.1188
51.6108,-.1043
51.6108,-.0898
51.6108,-.0753
51.6108,-.0608
51.6108,-.0463
51.6108,-.0318
51.6108,-.0173
51.6108,-.0028
51.6108,.0117
51.6108,.0262
51.6108,.0407
51.6108,.0552
51.6108,.0697
51.6108,.0842
51.6108,.0987
51.6108,.1132
51.6108,.1277
51.6108,.1422
51.6108,.1567
51.6108,.1712
51.6108,.1857
51.6108,.2002
51.6108,.2147
51.6108,.2292
51.6108,.2437
51.6108,.2582
51.6108,.2727
51.6108,.2872
51.6108,.3017
51.6108,.3162
51.6108,.3307
51.6198,-0.5103
51.6198,-.4958
51.6198,-.4813
51.6198,-.4668
51.6198,-.4523
51.6198,-.4378
51.6198,-.4233
51.6198,-.4088
51.6198,-.3943
51.6198,-.3798
51.6198,-.3653
51.6198,-.3508
51.6198,-.3363
51.6198,-.3218
51.6198,-.3073
51.6198,-.2928
51.6198,-.2783
51.6198,-.2638
51.6198,-.2493
51.6198,-.2348
51.6198,-.2203
51.6198,-.2058
51.6198,-.1913
51.6198,-.1768
51.6198,-.1623
51.6198,-.1478
51.6198,-.1333
51.6198,-.1188
51.6198,-.1043
51.6198,-.0898
51.6198,-.0753
51.6198,-.0608
51.6198,-.0463
51.6198,-.0318
51.6198,-.0173
51.6198,-.0028
51.6198,.0117
51.6198,.0262
51.6198,.0407
51.6198,.0552
51.6198,.0697
51.6198,.0842
51.6198,.0987
51.6198,.1132
51.6198,.1277
51.6198,.1422
51.6198,.1567
51.6198,.1712
51.6198,.1857
51.6198,.2002
51.6198,.2147
51.6198,.2292
51.6198,.2437
51.6198,.2582
51.6198,.2727
51.6198,.2872
51.6198,.3017
51.6198,.3162
51.6198,.3307
51.6288,-0.5103
51.6288,-.4958
51.6288,-.4813
51.6288,-.4668
51.6288,-.4523
51.6288,-.4378
51.6288,-.4233
51.6288,-.4088
51.6288,-.3943
51.6288,-.3798
51.6288,-.3653
51.6288,-.3508
51.6288,-.3363
51.6288,-.3218
51.6288,-.3073
51.6288,-.2928
51.6288,-.2783
51.6288,-.2638
51.6288,-.2493
51.6288,-.2348
51.6288,-.2203
51.6288,-.2058
51.6288,-.1913
51.6288,-.1768
51.6288,-.1623
51.6288,-.1478
51.6288,-.1333
51.6288,-.1188
51.6288,-.1043
51.6288,-.0898
51.6288,-.0753
51.6288,-.0608
51.6288,-.0463
51.6288,-.0318
51.6288,-.0173
51.6288,-.0028
51.6288,.0117
51.6288,.0262
51.6288,.0407
51.6288,.0552
51.6288,.0697
51.6288,.0842
51.6288,.0987
51.6288,.1132
51.6288,.1277
51.6288,.1422
51.6288,.1567
51.6288,.1712
51.6288,.1857
51.6288,.2002
51.6288,.2147
51.6288,.2292
51.6288,.2437
51.6288,.2582
51.6288,.2727
51.6288,.2872
51.6288,.3017
51.6288,.3162
51.6288,.3307
51.6378,-0.5103
51.6378,-.4958
51.6378,-.4813
51.6378,-.4668
51.6378,-.4523
51.6378,-.4378
51.6378,-.4233
51.6378,-.4088
51.6378,-.3943
51.6378,-.3798
51.6378,-.3653
51.6378,-.3508
51.6378,-.3363
51.6378,-.3218
51.6378,-.3073
51.6378,-.2928
51.6378,-.2783
51.6378,-.2638
51.6378,-.2493
51.6378,-.2348
51.6378,-.2203
51.6378,-.2058
51.6378,-.1913
51.6378,-.1768
51.6378,-.1623
51.6378,-.1478
51.6378,-.1333
51.6378,-.1188
51.6378,-.1043
51.6378,-.0898
51.6378,-.0753
51.6378,-.0608
51.6378,-.0463
51.6378,-.0318
51.6378,-.0173
51.6378,-.0028
51.6378,.0117
51.6378,.0262
51.6378,.0407
51.6378,.0552
51.6378,.0697
51.6378,.0842
51.6378,.0987
51.6378,.1132
51.6378,.1277
51.6378,.1422
51.6378,.1567
51.6378,.1712
51.6378,.1857
51.6378,.2002
51.6378,.2147
51.6378,.2292
51.6378,.2437
51.6378,.2582
51.6378,.2727
51.6378,.2872
51.6378,.3017
51.6378,.3162
51.6378,.3307
51.6468,-0.5103
51.6468,-.4958
51.6468,-.4813
51.6468,-.4668
51.6468,-.4523
51.6468,-.4378
51.6468,-.4233
51.6468,-.4088
51.6468,-.3943
51.6468,-.3798
51.6468,-.3653
51.6468,-.3508
51.6468,-.3363
51.6468,-.3218
51.6468,-.3073
51.6468,-.2928
51.6468,-.2783
51.6468,-.2638
51.6468,-.2493
51.6468,-.2348
51.6468,-.2203
51.6468,-.2058
51.6468,-.1913
51.6468,-.1768
51.6468,-.1623
51.6468,-.1478
51.6468,-.1333
51.6468,-.1188
51.6468,-.1043
51.6468,-.0898
51.6468,-.0753
51.6468,-.0608
51.6468,-.0463
51.6468,-.0318
51.6468,-.0173
51.6468,-.0028
51.6468,.0117
51.6468,.0262
51.6468,.0407
51.6468,.0552
51.6468,.0697
51.6468,.0842
51.6468,.0987
51.6468,.1132
51.6468,.1277
51.6468,.1422
51.6468,.1567
51.6468,.1712
51.6468,.1857
51.6468,.2002
51.6468,.2147
51.6468,.2292
51.6468,.2437
51.6468,.2582
51.6468,.2727
51.6468,.2872
51.6468,.3017
51.6468,.3162
51.6468,.3307
51.6558,-0.5103
51.6558,-.4958
51.6558,-.4813
51.6558,-.4668
51.6558,-.4523
51.6558,-.4378
51.6558,-.4233
51.6558,-.4088
51.6558,-.3943
51.6558,-.3798
51.6558,-.3653
51.6558,-.3508
51.6558,-.3363
51.6558,-.3218
51.6558,-.3073
51.6558,-.2928
51.6558,-.2783
51.6558,-.2638
51.6558,-.2493
51.6558,-.2348
51.6558,-.2203
51.6558,-.2058
51.6558,-.1913
51.6558,-.1768
51.6558,-.1623
51.6558,-.1478
51.6558,-.1333
51.6558,-.1188
51.6558,-.1043
51.6558,-.0898
51.6558,-.0753
51.6558,-.0608
51.6558,-.0463
51.6558,-.0318
51.6558,-.0173
51.6558,-.0028
51.6558,.0117
51.6558,.0262
51.6558,.0407
51.6558,.0552
51.6558,.0697
51.6558,.0842
51.6558,.0987
51.6558,.1132
51.6558,.1277
51.6558,.1422
51.6558,.1567
51.6558,.1712
51.6558,.1857
51.6558,.2002
51.6558,.2147
51.6558,.2292
51.6558,.2437
51.6558,.2582
51.6558,.2727
51.6558,.2872
51.6558,.3017
51.6558,.3162
51.6558,.3307
51.6648,-0.5103
51.6648,-.4958
51.6648,-.4813
51.6648,-.4668
51.6648,-.4523
51.6648,-.4378
51.6648,-.4233
51.6648,-.4088
51.6648,-.3943
51.6648,-.3798
51.6648,-.3653
51.6648,-.3508
51.6648,-.3363
51.6648,-.3218
51.6648,-.3073
51.6648,-.2928
51.6648,-.2783
51.6648,-.2638
51.6648,-.2493
51.6648,-.2348
51.6648,-.2203
51.6648,-.2058
51.6648,-.1913
51.6648,-.1768
51.6648,-.1623
51.6648,-.1478
51.6648,-.1333
51.6648,-.1188
51.6648,-.1043
51.6648,-.0898
51.6648,-.0753
51.6648,-.0608
51.6648,-.0463
51.6648,-.0318
51.6648,-.0173
51.6648,-.0028
51.6648,.0117
51.6648,.0262
51.6648,.0407
51.6648,.0552
51.6648,.0697
51.6648,.0842
51.6648,.0987
51.6648,.1132
51.6648,.1277
51.6648,.1422
51.6648,.1567
51.6648,.1712
51.6648,.1857
51.6648,.2002
51.6648,.2147
51.6648,.2292
51.6648,.2437
51.6648,.2582
51.6648,.2727
51.6648,.2872
51.6648,.3017
51.6648,.3162
51.6648,.3307
51.6738,-0.5103
51.6738,-.4958
51.6738,-.4813
51.6738,-.4668
51.6738,-.4523
51.6738,-.4378
51.6738,-.4233
51.6738,-.4088
51.6738,-.3943
51.6738,-.3798
51.6738,-.3653
51.6738,-.3508
51.6738,-.3363
51.6738,-.3218
51.6738,-.3073
51.6738,-.2928
51.6738,-.2783
51.6738,-.2638
51.6738,-.2493
51.6738,-.2348
51.6738,-.2203
51.6738,-.2058
51.6738,-.1913
51.6738,-.1768
51.6738,-.1623
51.6738,-.1478
51.6738,-.1333
51.6738,-.1188
51.6738,-.1043
51.6738,-.0898
51.6738,-.0753
51.6738,-.0608
51.6738,-.0463
51.6738,-.0318
51.6738,-.0173
51.6738,-.0028
51.6738,.0117
51.6738,.0262
51.6738,.0407
51.6738,.0552
51.6738,.0697
51.6738,.0842
51.6738,.0987
51.6738,.1132
51.6738,.1277
51.6738,.1422
51.6738,.1567
51.6738,.1712
51.6738,.1857
51.6738,.2002
51.6738,.2147
51.6738,.2292
51.6738,.2437
51.6738,.2582
51.6738,.2727
51.6738,.2872
51.6738,.3017
51.6738,.3162
51.6738,.3307
51.6828,-0.5103
51.6828,-.4958
51.6828,-.4813
51.6828,-.4668
51.6828,-.4523
51.6828,-.4378
51.6828,-.4233
51.6828,-.4088
51.6828,-.3943
51.6828,-.3798
51.6828,-.3653
51.6828,-.3508
51.6828,-.3363
51.6828,-.3218
51.6828,-.3073
51.6828,-.2928
51.6828,-.2783
51.6828,-.2638
51.6828,-.2493
51.6828,-.2348
51.6828,-.2203
51.6828,-.2058
51.6828,-.1913
51.6828,-.1768
51.6828,-.1623
51.6828,-.1478
51.6828,-.1333
51.6828,-.1188
51.6828,-.1043
51.6828,-.0898
51.6828,-.0753
51.6828,-.0608
51.6828,-.0463
51.6828,-.0318
51.6828,-.0173
51.6828,-.0028
51.6828,.0117
51.6828,.0262
51.6828,.0407
51.6828,.0552
51.6828,.0697
51.6828,.0842
51.6828,.0987
51.6828,.1132
51.6828,.1277
51.6828,.1422
51.6828,.1567
51.6828,.1712
51.6828,.1857
51.6828,.2002
51.6828,.2147
51.6828,.2292
51.6828,.2437
51.6828,.2582
51.6828,.2727
51.6828,.2872
51.6828,.3017
51.6828,.3162
51.6828,.3307
51.6918,-0.5103
51.6918,-.4958
51.6918,-.4813
51.6918,-.4668
51.6918,-.4523
51.6918,-.4378
51.6918,-.4233
51.6918,-.4088
51.6918,-.3943
51.6918,-.3798
51.6918,-.3653
51.6918,-.3508
51.6918,-.3363
51.6918,-.3218
51.6918,-.3073
51.6918,-.2928
51.6918,-.2783
51.6918,-.2638
51.6918,-.2493
51.6918,-.2348
51.6918,-.2203
51.6918,-.2058
51.6918,-.1913
51.6918,-.1768
51.6918,-.1623
51.6918,-.1478
51.6918,-.1333
51.6918,-.1188
51.6918,-.1043
51.6918,-.0898
51.6918,-.0753
51.6918,-.0608
51.6918,-.0463
51.6918,-.0318
51.6918,-.0173
51.6918,-.0028
51.6918,.0117
51.6918,.0262
51.6918,.0407
51.6918,.0552
51.6918,.0697
51.6918,.0842
51.6918,.0987
51.6918,.1132
51.6918,.1277
51.6918,.1422
51.6918,.1567
51.6918,.1712
51.6918,.1857
51.6918,.2002
51.6918,.2147
51.6918,.2292
51.6918,.2437
51.6918,.2582
51.6918,.2727
51.6918,.2872
51.6918,.3017
51.6918,.3162
51.6918,.3307
