id,latitude,longitude,boroughId
1,51.2958,-0.1188,8.0
2,51.2958,-0.1043,8.0
3,51.2958,0.0552,5.0
4,51.2958,0.0697,5.0
5,51.2958,0.0842,5.0
6,51.3048,-0.1478,8.0
7,51.3048,-0.1333,8.0
8,51.3048,-0.1188,8.0
9,51.3048,-0.1043,8.0
10,51.3048,-0.0898,8.0
11,51.3048,0.0117,5.0
12,51.3048,0.0262,5.0
13,51.3048,0.0407,5.0
14,51.3048,0.0552,5.0
15,51.3048,0.0697,5.0
16,51.3138,-0.1478,8.0
17,51.3138,-0.1333,8.0
18,51.3138,-0.1188,8.0
19,51.3138,-0.1043,8.0
20,51.3138,-0.0898,8.0
21,51.3138,0.0117,5.0
22,51.3138,0.0262,5.0
23,51.3138,0.0407,5.0
24,51.3138,0.0552,5.0
25,51.3138,0.0697,5.0
26,51.3138,0.0842,5.0
27,51.3228,-0.1478,29.0
28,51.3228,-0.1333,8.0
29,51.3228,-0.1188,8.0
30,51.3228,-0.1043,8.0
31,51.3228,-0.0898,8.0
32,51.3228,-0.0753,8.0
33,51.3228,-0.0608,8.0
34,51.3228,0.0117,5.0
35,51.3228,0.0262,5.0
36,51.3228,0.0407,5.0
37,51.3228,0.0552,5.0
38,51.3228,0.0697,5.0
39,51.3228,0.0842,5.0
40,51.3318,-0.3218,21.0
41,51.3318,-0.2203,29.0
42,51.3318,-0.1623,29.0
43,51.3318,-0.1478,29.0
44,51.3318,-0.1333,8.0
45,51.3318,-0.1188,8.0
46,51.3318,-0.1043,8.0
47,51.3318,-0.0898,8.0
48,51.3318,-0.0753,8.0
49,51.3318,-0.0608,8.0
50,51.3318,-0.0028,8.0
51,51.3318,0.0117,5.0
52,51.3318,0.0262,5.0
53,51.3318,0.0407,5.0
54,51.3318,0.0552,5.0
55,51.3318,0.0697,5.0
56,51.3318,0.0842,5.0
57,51.3318,0.0987,5.0
58,51.3318,0.1132,5.0
59,51.3408,-0.3218,21.0
60,51.3408,-0.3073,21.0
61,51.3408,-0.2203,29.0
62,51.3408,-0.2058,29.0
63,51.3408,-0.1768,29.0
64,51.3408,-0.1623,29.0
65,51.3408,-0.1478,29.0
66,51.3408,-0.1333,8.0
67,51.3408,-0.1188,8.0
68,51.3408,-0.1043,8.0
69,51.3408,-0.0898,8.0
70,51.3408,-0.0753,8.0
71,51.3408,-0.0608,8.0
72,51.3408,-0.0463,8.0
73,51.3408,-0.0318,8.0
74,51.3408,-0.0173,8.0
75,51.3408,-0.0028,8.0
76,51.3408,0.0117,5.0
77,51.3408,0.0262,5.0
78,51.3408,0.0407,5.0
79,51.3408,0.0552,5.0
80,51.3408,0.0697,5.0
81,51.3408,0.0842,5.0
82,51.3408,0.0987,5.0
83,51.3408,0.1132,5.0
84,51.3498,-0.3218,21.0
85,51.3498,-0.3073,21.0
86,51.3498,-0.2058,29.0
87,51.3498,-0.1913,29.0
88,51.3498,-0.1768,29.0
89,51.3498,-0.1623,29.0
90,51.3498,-0.1478,29.0
91,51.3498,-0.1333,29.0
92,51.3498,-0.1188,29.0
93,51.3498,-0.1043,8.0
94,51.3498,-0.0898,8.0
95,51.3498,-0.0753,8.0
96,51.3498,-0.0608,8.0
97,51.3498,-0.0463,8.0
98,51.3498,-0.0318,8.0
99,51.3498,-0.0173,8.0
100,51.3498,-0.0028,5.0
101,51.3498,0.0117,5.0
102,51.3498,0.0262,5.0
103,51.3498,0.0407,5.0
104,51.3498,0.0552,5.0
105,51.3498,0.0697,5.0
106,51.3498,0.0842,5.0
107,51.3498,0.0987,5.0
108,51.3498,0.1132,5.0
109,51.3498,0.1277,5.0
110,51.3588,-0.3073,21.0
111,51.3588,-0.2928,21.0
112,51.3588,-0.2203,29.0
113,51.3588,-0.2058,29.0
114,51.3588,-0.1913,29.0
115,51.3588,-0.1768,29.0
116,51.3588,-0.1623,29.0
117,51.3588,-0.1478,29.0
118,51.3588,-0.1333,29.0
119,51.3588,-0.1188,8.0
120,51.3588,-0.1043,8.0
121,51.3588,-0.0898,8.0
122,51.3588,-0.0753,8.0
123,51.3588,-0.0608,8.0
124,51.3588,-0.0463,8.0
125,51.3588,-0.0318,8.0
126,51.3588,-0.0173,8.0
127,51.3588,-0.0028,5.0
128,51.3588,0.0117,5.0
129,51.3588,0.0262,5.0
130,51.3588,0.0407,5.0
131,51.3588,0.0552,5.0
132,51.3588,0.0697,5.0
133,51.3588,0.0842,5.0
134,51.3588,0.0987,5.0
135,51.3588,0.1132,5.0
136,51.3588,0.1277,5.0
137,51.3588,0.1422,5.0
138,51.3678,-0.3073,21.0
139,51.3678,-0.2928,21.0
140,51.3678,-0.2348,29.0
141,51.3678,-0.2203,29.0
142,51.3678,-0.2058,29.0
143,51.3678,-0.1913,29.0
144,51.3678,-0.1768,29.0
145,51.3678,-0.1623,29.0
146,51.3678,-0.1478,29.0
147,51.3678,-0.1333,29.0
148,51.3678,-0.1188,8.0
149,51.3678,-0.1043,8.0
150,51.3678,-0.0898,8.0
151,51.3678,-0.0753,8.0
152,51.3678,-0.0608,8.0
153,51.3678,-0.0463,8.0
154,51.3678,-0.0318,8.0
155,51.3678,-0.0173,5.0
156,51.3678,-0.0028,5.0
157,51.3678,0.0117,5.0
158,51.3678,0.0262,5.0
159,51.3678,0.0407,5.0
160,51.3678,0.0552,5.0
161,51.3678,0.0697,5.0
162,51.3678,0.0842,5.0
163,51.3678,0.0987,5.0
164,51.3678,0.1132,5.0
165,51.3678,0.1277,5.0
166,51.3678,0.1422,5.0
167,51.3768,-0.3073,21.0
168,51.3768,-0.2928,21.0
169,51.3768,-0.2783,21.0
170,51.3768,-0.2638,21.0
171,51.3768,-0.2348,29.0
172,51.3768,-0.2203,29.0
173,51.3768,-0.2058,29.0
174,51.3768,-0.1913,29.0
175,51.3768,-0.1768,29.0
176,51.3768,-0.1623,29.0
177,51.3768,-0.1478,29.0
178,51.3768,-0.1333,29.0
179,51.3768,-0.1188,8.0
180,51.3768,-0.1043,8.0
181,51.3768,-0.0898,8.0
182,51.3768,-0.0753,8.0
183,51.3768,-0.0608,8.0
184,51.3768,-0.0463,8.0
185,51.3768,-0.0318,8.0
186,51.3768,-0.0173,5.0
187,51.3768,-0.0028,5.0
188,51.3768,0.0117,5.0
189,51.3768,0.0262,5.0
190,51.3768,0.0407,5.0
191,51.3768,0.0552,5.0
192,51.3768,0.0697,5.0
193,51.3768,0.0842,5.0
194,51.3768,0.0987,5.0
195,51.3768,0.1132,5.0
196,51.3768,0.1277,5.0
197,51.3768,0.1422,5.0
198,51.3858,-0.3073,21.0
199,51.3858,-0.2928,21.0
200,51.3858,-0.2783,21.0
201,51.3858,-0.2638,21.0
202,51.3858,-0.2493,21.0
203,51.3858,-0.2348,29.0
204,51.3858,-0.2203,24.0
205,51.3858,-0.2058,29.0
206,51.3858,-0.1913,29.0
207,51.3858,-0.1768,29.0
208,51.3858,-0.1623,29.0
209,51.3858,-0.1478,29.0
210,51.3858,-0.1333,29.0
211,51.3858,-0.1188,8.0
212,51.3858,-0.1043,8.0
213,51.3858,-0.0898,8.0
214,51.3858,-0.0753,8.0
215,51.3858,-0.0608,8.0
216,51.3858,-0.0463,8.0
217,51.3858,-0.0318,5.0
218,51.3858,-0.0173,5.0
219,51.3858,-0.0028,5.0
220,51.3858,0.0117,5.0
221,51.3858,0.0262,5.0
222,51.3858,0.0407,5.0
223,51.3858,0.0552,5.0
224,51.3858,0.0697,5.0
225,51.3858,0.0842,5.0
226,51.3858,0.0987,5.0
227,51.3858,0.1132,5.0
228,51.3858,0.1277,5.0
229,51.3858,0.1422,5.0
230,51.3948,-0.3218,27.0
231,51.3948,-0.3073,21.0
232,51.3948,-0.2928,21.0
233,51.3948,-0.2783,21.0
234,51.3948,-0.2638,21.0
235,51.3948,-0.2493,21.0
236,51.3948,-0.2348,24.0
237,51.3948,-0.2203,24.0
238,51.3948,-0.2058,24.0
239,51.3948,-0.1913,24.0
240,51.3948,-0.1768,24.0
241,51.3948,-0.1623,24.0
242,51.3948,-0.1478,24.0
243,51.3948,-0.1333,24.0
244,51.3948,-0.1188,8.0
245,51.3948,-0.1043,8.0
246,51.3948,-0.0898,8.0
247,51.3948,-0.0753,8.0
248,51.3948,-0.0608,8.0
249,51.3948,-0.0463,5.0
250,51.3948,-0.0318,5.0
251,51.3948,-0.0173,5.0
252,51.3948,-0.0028,5.0
253,51.3948,0.0117,5.0
254,51.3948,0.0262,5.0
255,51.3948,0.0407,5.0
256,51.3948,0.0552,5.0
257,51.3948,0.0697,5.0
258,51.3948,0.0842,5.0
259,51.3948,0.0987,5.0
260,51.3948,0.1132,5.0
261,51.3948,0.1277,5.0
262,51.3948,0.1422,5.0
263,51.3948,0.1567,5.0
264,51.4038,-0.3363,27.0
265,51.4038,-0.3218,27.0
266,51.4038,-0.3073,21.0
267,51.4038,-0.2928,21.0
268,51.4038,-0.2783,21.0
269,51.4038,-0.2638,21.0
270,51.4038,-0.2493,21.0
271,51.4038,-0.2348,24.0
272,51.4038,-0.2203,24.0
273,51.4038,-0.2058,24.0
274,51.4038,-0.1913,24.0
275,51.4038,-0.1768,24.0
276,51.4038,-0.1623,24.0
277,51.4038,-0.1478,24.0
278,51.4038,-0.1333,24.0
279,51.4038,-0.1188,8.0
280,51.4038,-0.1043,8.0
281,51.4038,-0.0898,8.0
282,51.4038,-0.0753,8.0
283,51.4038,-0.0608,5.0
284,51.4038,-0.0463,5.0
285,51.4038,-0.0318,5.0
286,51.4038,-0.0173,5.0
287,51.4038,-0.0028,5.0
288,51.4038,0.0117,5.0
289,51.4038,0.0262,5.0
290,51.4038,0.0407,5.0
291,51.4038,0.0552,5.0
292,51.4038,0.0697,5.0
293,51.4038,0.0842,5.0
294,51.4038,0.0987,5.0
295,51.4038,0.1132,5.0
296,51.4038,0.1277,5.0
297,51.4038,0.1422,5.0
298,51.4128,-0.3798,27.0
299,51.4128,-0.3653,27.0
300,51.4128,-0.3508,27.0
301,51.4128,-0.3363,27.0
302,51.4128,-0.3218,27.0
303,51.4128,-0.3073,21.0
304,51.4128,-0.2928,21.0
305,51.4128,-0.2783,21.0
306,51.4128,-0.2638,21.0
307,51.4128,-0.2493,21.0
308,51.4128,-0.2348,24.0
309,51.4128,-0.2203,24.0
310,51.4128,-0.2058,24.0
311,51.4128,-0.1913,24.0
312,51.4128,-0.1768,24.0
313,51.4128,-0.1623,24.0
314,51.4128,-0.1478,24.0
315,51.4128,-0.1333,22.0
316,51.4128,-0.1188,8.0
317,51.4128,-0.1043,8.0
318,51.4128,-0.0898,8.0
319,51.4128,-0.0753,8.0
320,51.4128,-0.0608,5.0
321,51.4128,-0.0463,5.0
322,51.4128,-0.0318,5.0
323,51.4128,-0.0173,5.0
324,51.4128,-0.0028,5.0
325,51.4128,0.0117,5.0
326,51.4128,0.0262,5.0
327,51.4128,0.0407,5.0
328,51.4128,0.0552,5.0
329,51.4128,0.0697,5.0
330,51.4128,0.0842,5.0
331,51.4128,0.0987,5.0
332,51.4128,0.1132,5.0
333,51.4128,0.1277,5.0
334,51.4128,0.1422,3.0
335,51.4218,-0.3798,27.0
336,51.4218,-0.3653,27.0
337,51.4218,-0.3508,27.0
338,51.4218,-0.3363,27.0
339,51.4218,-0.3218,27.0
340,51.4218,-0.3073,27.0
341,51.4218,-0.2928,21.0
342,51.4218,-0.2783,21.0
343,51.4218,-0.2638,21.0
344,51.4218,-0.2493,24.0
345,51.4218,-0.2348,24.0
346,51.4218,-0.2203,24.0
347,51.4218,-0.2058,24.0
348,51.4218,-0.1913,24.0
349,51.4218,-0.1768,24.0
350,51.4218,-0.1623,31.0
351,51.4218,-0.1478,31.0
352,51.4218,-0.1333,22.0
353,51.4218,-0.1188,22.0
354,51.4218,-0.1043,8.0
355,51.4218,-0.0898,22.0
356,51.4218,-0.0753,5.0
357,51.4218,-0.0608,5.0
358,51.4218,-0.0463,5.0
359,51.4218,-0.0318,5.0
360,51.4218,-0.0173,23.0
361,51.4218,-0.0028,23.0
362,51.4218,0.0117,5.0
363,51.4218,0.0262,5.0
364,51.4218,0.0407,5.0
365,51.4218,0.0552,5.0
366,51.4218,0.0697,5.0
367,51.4218,0.0842,5.0
368,51.4218,0.0987,3.0
369,51.4218,0.1132,3.0
370,51.4218,0.1277,3.0
371,51.4218,0.1422,3.0
372,51.4308,-0.4378,17.0
373,51.4308,-0.4088,17.0
374,51.4308,-0.3943,17.0
375,51.4308,-0.3798,27.0
376,51.4308,-0.3653,27.0
377,51.4308,-0.3508,27.0
378,51.4308,-0.3363,27.0
379,51.4308,-0.3218,27.0
380,51.4308,-0.3073,27.0
381,51.4308,-0.2928,27.0
382,51.4308,-0.2783,27.0
383,51.4308,-0.2638,21.0
384,51.4308,-0.2493,24.0
385,51.4308,-0.2348,24.0
386,51.4308,-0.2203,24.0
387,51.4308,-0.2058,24.0
388,51.4308,-0.1913,24.0
389,51.4308,-0.1768,31.0
390,51.4308,-0.1623,31.0
391,51.4308,-0.1478,31.0
392,51.4308,-0.1333,22.0
393,51.4308,-0.1188,22.0
394,51.4308,-0.1043,22.0
395,51.4308,-0.0898,22.0
396,51.4308,-0.0753,28.0
397,51.4308,-0.0608,23.0
398,51.4308,-0.0463,23.0
399,51.4308,-0.0318,23.0
400,51.4308,-0.0173,23.0
401,51.4308,-0.0028,23.0
402,51.4308,0.0117,23.0
403,51.4308,0.0262,23.0
404,51.4308,0.0407,5.0
405,51.4308,0.0552,11.0
406,51.4308,0.0697,11.0
407,51.4308,0.0842,3.0
408,51.4308,0.0987,3.0
409,51.4308,0.1132,3.0
410,51.4308,0.1277,3.0
411,51.4308,0.1422,3.0
412,51.4308,0.1567,3.0
413,51.4398,-0.4523,17.0
414,51.4398,-0.4378,17.0
415,51.4398,-0.4233,17.0
416,51.4398,-0.4088,17.0
417,51.4398,-0.3943,17.0
418,51.4398,-0.3798,17.0
419,51.4398,-0.3653,27.0
420,51.4398,-0.3508,27.0
421,51.4398,-0.3363,27.0
422,51.4398,-0.3218,27.0
423,51.4398,-0.3073,27.0
424,51.4398,-0.2928,27.0
425,51.4398,-0.2783,27.0
426,51.4398,-0.2638,27.0
427,51.4398,-0.2493,27.0
428,51.4398,-0.2348,31.0
429,51.4398,-0.2203,31.0
430,51.4398,-0.2058,31.0
431,51.4398,-0.1913,24.0
432,51.4398,-0.1768,31.0
433,51.4398,-0.1623,31.0
434,51.4398,-0.1478,31.0
435,51.4398,-0.1333,22.0
436,51.4398,-0.1188,22.0
437,51.4398,-0.1043,22.0
438,51.4398,-0.0898,28.0
439,51.4398,-0.0753,28.0
440,51.4398,-0.0608,23.0
441,51.4398,-0.0463,23.0
442,51.4398,-0.0318,23.0
443,51.4398,-0.0173,23.0
444,51.4398,-0.0028,23.0
445,51.4398,0.0117,23.0
446,51.4398,0.0262,23.0
447,51.4398,0.0407,5.0
448,51.4398,0.0552,11.0
449,51.4398,0.0697,11.0
450,51.4398,0.0842,3.0
451,51.4398,0.0987,3.0
452,51.4398,0.1132,3.0
453,51.4398,0.1277,3.0
454,51.4398,0.1422,3.0
455,51.4398,0.1567,3.0
456,51.4488,-0.4523,17.0
457,51.4488,-0.4378,17.0
458,51.4488,-0.4233,17.0
459,51.4488,-0.4088,17.0
460,51.4488,-0.3943,17.0
461,51.4488,-0.3798,27.0
462,51.4488,-0.3653,27.0
463,51.4488,-0.3508,27.0
464,51.4488,-0.3363,27.0
465,51.4488,-0.3218,27.0
466,51.4488,-0.3073,27.0
467,51.4488,-0.2928,27.0
468,51.4488,-0.2783,27.0
469,51.4488,-0.2638,27.0
470,51.4488,-0.2493,27.0
471,51.4488,-0.2348,31.0
472,51.4488,-0.2203,31.0
473,51.4488,-0.2058,31.0
474,51.4488,-0.1913,31.0
475,51.4488,-0.1768,31.0
476,51.4488,-0.1623,31.0
477,51.4488,-0.1478,31.0
478,51.4488,-0.1333,22.0
479,51.4488,-0.1188,22.0
480,51.4488,-0.1043,22.0
481,51.4488,-0.0898,28.0
482,51.4488,-0.0753,28.0
483,51.4488,-0.0608,28.0
484,51.4488,-0.0463,23.0
485,51.4488,-0.0318,23.0
486,51.4488,-0.0173,23.0
487,51.4488,-0.0028,23.0
488,51.4488,0.0117,23.0
489,51.4488,0.0262,11.0
490,51.4488,0.0407,11.0
491,51.4488,0.0552,11.0
492,51.4488,0.0697,11.0
493,51.4488,0.0842,11.0
494,51.4488,0.0987,3.0
495,51.4488,0.1132,3.0
496,51.4488,0.1277,3.0
497,51.4488,0.1422,3.0
498,51.4488,0.1567,3.0
499,51.4488,0.1712,3.0
500,51.4488,0.1857,3.0
501,51.4578,-0.4523,18.0
502,51.4578,-0.4378,18.0
503,51.4578,-0.4233,17.0
504,51.4578,-0.4088,17.0
505,51.4578,-0.3943,17.0
506,51.4578,-0.3798,17.0
507,51.4578,-0.3653,17.0
508,51.4578,-0.3508,17.0
509,51.4578,-0.3363,17.0
510,51.4578,-0.3218,27.0
511,51.4578,-0.3073,27.0
512,51.4578,-0.2928,27.0
513,51.4578,-0.2783,27.0
514,51.4578,-0.2638,27.0
515,51.4578,-0.2493,31.0
516,51.4578,-0.2348,31.0
517,51.4578,-0.2203,31.0
518,51.4578,-0.2058,31.0
519,51.4578,-0.1913,31.0
520,51.4578,-0.1768,31.0
521,51.4578,-0.1623,31.0
522,51.4578,-0.1478,22.0
523,51.4578,-0.1333,22.0
524,51.4578,-0.1188,22.0
525,51.4578,-0.1043,22.0
526,51.4578,-0.0898,28.0
527,51.4578,-0.0753,28.0
528,51.4578,-0.0608,28.0
529,51.4578,-0.0463,28.0
530,51.4578,-0.0318,23.0
531,51.4578,-0.0173,23.0
532,51.4578,-0.0028,23.0
533,51.4578,0.0117,11.0
534,51.4578,0.0262,11.0
535,51.4578,0.0407,11.0
536,51.4578,0.0552,11.0
537,51.4578,0.0697,11.0
538,51.4578,0.0842,3.0
539,51.4578,0.0987,3.0
540,51.4578,0.1132,3.0
541,51.4578,0.1277,3.0
542,51.4578,0.1422,3.0
543,51.4578,0.1567,3.0
544,51.4578,0.1712,3.0
545,51.4578,0.1857,3.0
546,51.4578,0.2002,3.0
547,51.4668,-0.4958,18.0
548,51.4668,-0.4813,18.0
549,51.4668,-0.4668,18.0
550,51.4668,-0.4523,18.0
551,51.4668,-0.4378,18.0
552,51.4668,-0.4233,18.0
553,51.4668,-0.4088,17.0
554,51.4668,-0.3943,17.0
555,51.4668,-0.3798,17.0
556,51.4668,-0.3653,17.0
557,51.4668,-0.3508,17.0
558,51.4668,-0.3363,17.0
559,51.4668,-0.3218,17.0
560,51.4668,-0.3073,27.0
561,51.4668,-0.2928,27.0
562,51.4668,-0.2783,27.0
563,51.4668,-0.2638,27.0
564,51.4668,-0.2493,27.0
565,51.4668,-0.2348,27.0
566,51.4668,-0.2203,31.0
567,51.4668,-0.2058,13.0
568,51.4668,-0.1913,13.0
569,51.4668,-0.1768,31.0
570,51.4668,-0.1623,31.0
571,51.4668,-0.1478,22.0
572,51.4668,-0.1333,22.0
573,51.4668,-0.1188,22.0
574,51.4668,-0.1043,22.0
575,51.4668,-0.0898,28.0
576,51.4668,-0.0753,28.0
577,51.4668,-0.0608,28.0
578,51.4668,-0.0463,23.0
579,51.4668,-0.0318,23.0
580,51.4668,-0.0173,23.0
581,51.4668,-0.0028,23.0
582,51.4668,0.0117,23.0
583,51.4668,0.0262,11.0
584,51.4668,0.0407,11.0
585,51.4668,0.0552,11.0
586,51.4668,0.0697,11.0
587,51.4668,0.0842,3.0
588,51.4668,0.0987,3.0
589,51.4668,0.1132,3.0
590,51.4668,0.1277,3.0
591,51.4668,0.1422,3.0
592,51.4668,0.1567,3.0
593,51.4668,0.1712,3.0
594,51.4668,0.1857,3.0
595,51.4668,0.2002,3.0
596,51.4758,-0.4958,18.0
597,51.4758,-0.4813,18.0
598,51.4758,-0.4668,18.0
599,51.4758,-0.4523,18.0
600,51.4758,-0.4378,18.0
601,51.4758,-0.4233,18.0
602,51.4758,-0.4088,17.0
603,51.4758,-0.3943,17.0
604,51.4758,-0.3798,17.0
605,51.4758,-0.3653,17.0
606,51.4758,-0.3508,17.0
607,51.4758,-0.3363,17.0
608,51.4758,-0.3218,17.0
609,51.4758,-0.3073,17.0
610,51.4758,-0.2928,27.0
611,51.4758,-0.2783,27.0
612,51.4758,-0.2638,17.0
613,51.4758,-0.2493,27.0
614,51.4758,-0.2348,27.0
615,51.4758,-0.2203,13.0
616,51.4758,-0.2058,13.0
617,51.4758,-0.1913,13.0
618,51.4758,-0.1768,31.0
619,51.4758,-0.1623,31.0
620,51.4758,-0.1478,31.0
621,51.4758,-0.1333,22.0
622,51.4758,-0.1188,22.0
623,51.4758,-0.1043,22.0
624,51.4758,-0.0898,28.0
625,51.4758,-0.0753,28.0
626,51.4758,-0.0608,28.0
627,51.4758,-0.0463,23.0
628,51.4758,-0.0318,23.0
629,51.4758,-0.0173,11.0
630,51.4758,-0.0028,11.0
631,51.4758,0.0117,11.0
632,51.4758,0.0262,11.0
633,51.4758,0.0407,11.0
634,51.4758,0.0552,11.0
635,51.4758,0.0697,11.0
636,51.4758,0.0842,11.0
637,51.4758,0.0987,11.0
638,51.4758,0.1132,11.0
639,51.4758,0.1277,3.0
640,51.4758,0.1422,3.0
641,51.4758,0.1567,3.0
642,51.4758,0.1712,3.0
643,51.4758,0.1857,3.0
644,51.4758,0.2002,3.0
645,51.4848,-0.4958,18.0
646,51.4848,-0.4813,18.0
647,51.4848,-0.4668,18.0
648,51.4848,-0.4523,18.0
649,51.4848,-0.4378,18.0
650,51.4848,-0.4233,18.0
651,51.4848,-0.4088,17.0
652,51.4848,-0.3943,17.0
653,51.4848,-0.3798,17.0
654,51.4848,-0.3653,17.0
655,51.4848,-0.3508,17.0
656,51.4848,-0.3363,17.0
657,51.4848,-0.3218,17.0
658,51.4848,-0.3073,17.0
659,51.4848,-0.2928,27.0
660,51.4848,-0.2783,17.0
661,51.4848,-0.2638,17.0
662,51.4848,-0.2493,17.0
663,51.4848,-0.2348,27.0
664,51.4848,-0.2203,13.0
665,51.4848,-0.2058,13.0
666,51.4848,-0.1913,20.0
667,51.4848,-0.1768,20.0
668,51.4848,-0.1623,20.0
669,51.4848,-0.1478,33.0
670,51.4848,-0.1333,33.0
671,51.4848,-0.1188,22.0
672,51.4848,-0.1043,28.0
673,51.4848,-0.0898,28.0
674,51.4848,-0.0753,28.0
675,51.4848,-0.0608,28.0
676,51.4848,-0.0463,23.0
677,51.4848,-0.0318,23.0
678,51.4848,-0.0173,30.0
679,51.4848,-0.0028,11.0
680,51.4848,0.0117,11.0
681,51.4848,0.0262,11.0
682,51.4848,0.0407,11.0
683,51.4848,0.0552,11.0
684,51.4848,0.0697,11.0
685,51.4848,0.0842,11.0
686,51.4848,0.0987,11.0
687,51.4848,0.1132,11.0
688,51.4848,0.1277,3.0
689,51.4848,0.1422,3.0
690,51.4848,0.1567,3.0
691,51.4848,0.1712,3.0
692,51.4848,0.1857,3.0
693,51.4848,0.2002,16.0
694,51.4848,0.2147,3.0
695,51.4938,-0.4813,18.0
696,51.4938,-0.4668,18.0
697,51.4938,-0.4523,18.0
698,51.4938,-0.4378,18.0
699,51.4938,-0.4233,18.0
700,51.4938,-0.4088,17.0
701,51.4938,-0.3943,17.0
702,51.4938,-0.3798,17.0
703,51.4938,-0.3653,9.0
704,51.4938,-0.3508,17.0
705,51.4938,-0.3363,17.0
706,51.4938,-0.3218,17.0
707,51.4938,-0.3073,17.0
708,51.4938,-0.2928,17.0
709,51.4938,-0.2783,17.0
710,51.4938,-0.2638,17.0
711,51.4938,-0.2493,17.0
712,51.4938,-0.2348,13.0
713,51.4938,-0.2203,13.0
714,51.4938,-0.2058,13.0
715,51.4938,-0.1913,20.0
716,51.4938,-0.1768,20.0
717,51.4938,-0.1623,20.0
718,51.4938,-0.1478,33.0
719,51.4938,-0.1333,33.0
720,51.4938,-0.1188,22.0
721,51.4938,-0.1043,28.0
722,51.4938,-0.0898,28.0
723,51.4938,-0.0753,28.0
724,51.4938,-0.0608,28.0
725,51.4938,-0.0463,28.0
726,51.4938,-0.0318,28.0
727,51.4938,-0.0173,30.0
728,51.4938,-0.0028,30.0
729,51.4938,0.0117,11.0
730,51.4938,0.0262,11.0
731,51.4938,0.0407,11.0
732,51.4938,0.0552,11.0
733,51.4938,0.0697,11.0
734,51.4938,0.0842,11.0
735,51.4938,0.0987,11.0
736,51.4938,0.1132,11.0
737,51.4938,0.1277,3.0
738,51.4938,0.1422,3.0
739,51.4938,0.1567,3.0
740,51.4938,0.1712,3.0
741,51.4938,0.1857,16.0
742,51.4938,0.2002,16.0
743,51.5028,-0.4813,18.0
744,51.5028,-0.4668,18.0
745,51.5028,-0.4523,18.0
746,51.5028,-0.4378,18.0
747,51.5028,-0.4233,18.0
748,51.5028,-0.4088,18.0
749,51.5028,-0.3943,9.0
750,51.5028,-0.3798,9.0
751,51.5028,-0.3653,9.0
752,51.5028,-0.3508,9.0
753,51.5028,-0.3363,9.0
754,51.5028,-0.3218,9.0
755,51.5028,-0.3073,9.0
756,51.5028,-0.2928,9.0
757,51.5028,-0.2783,9.0
758,51.5028,-0.2638,9.0
759,51.5028,-0.2493,13.0
760,51.5028,-0.2348,13.0
761,51.5028,-0.2203,13.0
762,51.5028,-0.2058,20.0
763,51.5028,-0.1913,20.0
764,51.5028,-0.1768,33.0
765,51.5028,-0.1623,33.0
766,51.5028,-0.1478,33.0
767,51.5028,-0.1333,33.0
768,51.5028,-0.1188,22.0
769,51.5028,-0.1043,28.0
770,51.5028,-0.0898,28.0
771,51.5028,-0.0753,28.0
772,51.5028,-0.0608,30.0
773,51.5028,-0.0463,28.0
774,51.5028,-0.0318,28.0
775,51.5028,-0.0173,30.0
776,51.5028,-0.0028,11.0
777,51.5028,0.0117,25.0
778,51.5028,0.0262,25.0
779,51.5028,0.0407,25.0
780,51.5028,0.0552,25.0
781,51.5028,0.0697,25.0
782,51.5028,0.0842,11.0
783,51.5028,0.0987,11.0
784,51.5028,0.1132,11.0
785,51.5028,0.1277,3.0
786,51.5028,0.1422,3.0
787,51.5028,0.1567,3.0
788,51.5028,0.1712,3.0
789,51.5028,0.1857,16.0
790,51.5028,0.2002,16.0
791,51.5028,0.2147,16.0
792,51.5118,-0.4813,18.0
793,51.5118,-0.4668,18.0
794,51.5118,-0.4523,18.0
795,51.5118,-0.4378,18.0
796,51.5118,-0.4233,18.0
797,51.5118,-0.4088,18.0
798,51.5118,-0.3943,18.0
799,51.5118,-0.3798,9.0
800,51.5118,-0.3653,9.0
801,51.5118,-0.3508,9.0
802,51.5118,-0.3363,9.0
803,51.5118,-0.3218,9.0
804,51.5118,-0.3073,9.0
805,51.5118,-0.2928,9.0
806,51.5118,-0.2783,9.0
807,51.5118,-0.2638,9.0
808,51.5118,-0.2493,9.0
809,51.5118,-0.2348,13.0
810,51.5118,-0.2203,13.0
811,51.5118,-0.2058,20.0
812,51.5118,-0.1913,33.0
813,51.5118,-0.1768,33.0
814,51.5118,-0.1623,33.0
815,51.5118,-0.1478,33.0
816,51.5118,-0.1333,33.0
817,51.5118,-0.1188,33.0
818,51.5118,-0.1043,7.0
819,51.5118,-0.0898,7.0
820,51.5118,-0.0753,7.0
821,51.5118,-0.0608,30.0
822,51.5118,-0.0463,30.0
823,51.5118,-0.0318,30.0
824,51.5118,-0.0173,30.0
825,51.5118,-0.0028,30.0
826,51.5118,0.0117,25.0
827,51.5118,0.0262,25.0
828,51.5118,0.0407,25.0
829,51.5118,0.0552,25.0
830,51.5118,0.0697,25.0
831,51.5118,0.0842,25.0
832,51.5118,0.0987,11.0
833,51.5118,0.1132,11.0
834,51.5118,0.1277,3.0
835,51.5118,0.1422,3.0
836,51.5118,0.1567,1.0
837,51.5118,0.1712,16.0
838,51.5118,0.1857,16.0
839,51.5118,0.2002,16.0
840,51.5118,0.2147,16.0
841,51.5118,0.2292,16.0
842,51.5208,-0.4813,18.0
843,51.5208,-0.4668,18.0
844,51.5208,-0.4523,18.0
845,51.5208,-0.4378,18.0
846,51.5208,-0.4233,18.0
847,51.5208,-0.4088,18.0
848,51.5208,-0.3943,18.0
849,51.5208,-0.3798,18.0
850,51.5208,-0.3653,9.0
851,51.5208,-0.3508,9.0
852,51.5208,-0.3363,9.0
853,51.5208,-0.3218,9.0
854,51.5208,-0.3073,9.0
855,51.5208,-0.2928,9.0
856,51.5208,-0.2783,9.0
857,51.5208,-0.2638,9.0
858,51.5208,-0.2493,13.0
859,51.5208,-0.2348,13.0
860,51.5208,-0.2203,20.0
861,51.5208,-0.2058,20.0
862,51.5208,-0.1913,33.0
863,51.5208,-0.1768,33.0
864,51.5208,-0.1623,33.0
865,51.5208,-0.1478,33.0
866,51.5208,-0.1333,6.0
867,51.5208,-0.1188,6.0
868,51.5208,-0.1043,19.0
869,51.5208,-0.0898,19.0
870,51.5208,-0.0753,30.0
871,51.5208,-0.0608,30.0
872,51.5208,-0.0463,30.0
873,51.5208,-0.0318,30.0
874,51.5208,-0.0173,30.0
875,51.5208,-0.0028,25.0
876,51.5208,0.0117,25.0
877,51.5208,0.0262,25.0
878,51.5208,0.0407,25.0
879,51.5208,0.0552,25.0
880,51.5208,0.0697,25.0
881,51.5208,0.0842,25.0
882,51.5208,0.0987,1.0
883,51.5208,0.1132,1.0
884,51.5208,0.1277,1.0
885,51.5208,0.1422,1.0
886,51.5208,0.1567,1.0
887,51.5208,0.1712,16.0
888,51.5208,0.1857,16.0
889,51.5208,0.2002,16.0
890,51.5208,0.2147,16.0
891,51.5208,0.2292,16.0
892,51.5208,0.2582,16.0
893,51.5298,-0.4813,18.0
894,51.5298,-0.4668,18.0
895,51.5298,-0.4523,18.0
896,51.5298,-0.4378,18.0
897,51.5298,-0.4233,18.0
898,51.5298,-0.4088,18.0
899,51.5298,-0.3943,18.0
900,51.5298,-0.3798,9.0
901,51.5298,-0.3653,9.0
902,51.5298,-0.3508,9.0
903,51.5298,-0.3363,9.0
904,51.5298,-0.3218,9.0
905,51.5298,-0.3073,9.0
906,51.5298,-0.2928,9.0
907,51.5298,-0.2783,4.0
908,51.5298,-0.2638,9.0
909,51.5298,-0.2493,9.0
910,51.5298,-0.2348,13.0
911,51.5298,-0.2203,4.0
912,51.5298,-0.2058,33.0
913,51.5298,-0.1913,33.0
914,51.5298,-0.1768,33.0
915,51.5298,-0.1623,33.0
916,51.5298,-0.1478,6.0
917,51.5298,-0.1333,6.0
918,51.5298,-0.1188,6.0
919,51.5298,-0.1043,19.0
920,51.5298,-0.0898,12.0
921,51.5298,-0.0753,12.0
922,51.5298,-0.0608,30.0
923,51.5298,-0.0463,30.0
924,51.5298,-0.0318,30.0
925,51.5298,-0.0173,30.0
926,51.5298,-0.0028,25.0
927,51.5298,0.0117,25.0
928,51.5298,0.0262,25.0
929,51.5298,0.0407,25.0
930,51.5298,0.0552,25.0
931,51.5298,0.0697,25.0
932,51.5298,0.0842,1.0
933,51.5298,0.0987,1.0
934,51.5298,0.1132,1.0
935,51.5298,0.1277,1.0
936,51.5298,0.1422,1.0
937,51.5298,0.1567,1.0
938,51.5298,0.1712,16.0
939,51.5298,0.1857,16.0
940,51.5298,0.2002,16.0
941,51.5298,0.2147,16.0
942,51.5298,0.2292,16.0
943,51.5298,0.2437,16.0
944,51.5298,0.2582,16.0
945,51.5388,-0.4813,18.0
946,51.5388,-0.4668,18.0
947,51.5388,-0.4523,18.0
948,51.5388,-0.4378,18.0
949,51.5388,-0.4233,18.0
950,51.5388,-0.4088,9.0
951,51.5388,-0.3943,9.0
952,51.5388,-0.3798,9.0
953,51.5388,-0.3653,9.0
954,51.5388,-0.3508,9.0
955,51.5388,-0.3363,9.0
956,51.5388,-0.3218,9.0
957,51.5388,-0.3073,9.0
958,51.5388,-0.2928,4.0
959,51.5388,-0.2783,4.0
960,51.5388,-0.2638,4.0
961,51.5388,-0.2493,4.0
962,51.5388,-0.2348,4.0
963,51.5388,-0.2203,4.0
964,51.5388,-0.2058,4.0
965,51.5388,-0.1913,6.0
966,51.5388,-0.1768,33.0
967,51.5388,-0.1623,6.0
968,51.5388,-0.1478,6.0
969,51.5388,-0.1333,6.0
970,51.5388,-0.1188,19.0
971,51.5388,-0.1043,19.0
972,51.5388,-0.0898,19.0
973,51.5388,-0.0753,12.0
974,51.5388,-0.0608,12.0
975,51.5388,-0.0463,12.0
976,51.5388,-0.0318,30.0
977,51.5388,-0.0173,25.0
978,51.5388,-0.0028,25.0
979,51.5388,0.0117,25.0
980,51.5388,0.0262,25.0
981,51.5388,0.0407,25.0
982,51.5388,0.0552,25.0
983,51.5388,0.0697,1.0
984,51.5388,0.0842,1.0
985,51.5388,0.0987,1.0
986,51.5388,0.1132,1.0
987,51.5388,0.1277,1.0
988,51.5388,0.1422,1.0
989,51.5388,0.1567,1.0
990,51.5388,0.1712,1.0
991,51.5388,0.1857,16.0
992,51.5388,0.2002,16.0
993,51.5388,0.2147,16.0
994,51.5388,0.2292,16.0
995,51.5388,0.2437,16.0
996,51.5388,0.2582,16.0
997,51.5388,0.2727,16.0
998,51.5388,0.2872,16.0
999,51.5478,-0.4813,18.0
1000,51.5478,-0.4668,18.0
1001,51.5478,-0.4523,18.0
1002,51.5478,-0.4378,18.0
1003,51.5478,-0.4233,18.0
1004,51.5478,-0.4088,18.0
1005,51.5478,-0.3943,9.0
1006,51.5478,-0.3798,9.0
1007,51.5478,-0.3653,9.0
1008,51.5478,-0.3508,9.0
1009,51.5478,-0.3363,9.0
1010,51.5478,-0.3218,9.0
1011,51.5478,-0.3073,4.0
1012,51.5478,-0.2928,4.0
1013,51.5478,-0.2783,4.0
1014,51.5478,-0.2638,4.0
1015,51.5478,-0.2493,4.0
1016,51.5478,-0.2348,4.0
1017,51.5478,-0.2203,4.0
1018,51.5478,-0.2058,4.0
1019,51.5478,-0.1913,6.0
1020,51.5478,-0.1768,6.0
1021,51.5478,-0.1623,6.0
1022,51.5478,-0.1478,6.0
1023,51.5478,-0.1333,6.0
1024,51.5478,-0.1188,19.0
1025,51.5478,-0.1043,19.0
1026,51.5478,-0.0898,19.0
1027,51.5478,-0.0753,12.0
1028,51.5478,-0.0608,12.0
1029,51.5478,-0.0463,12.0
1030,51.5478,-0.0318,12.0
1031,51.5478,-0.0173,25.0
1032,51.5478,-0.0028,25.0
1033,51.5478,0.0117,25.0
1034,51.5478,0.0262,25.0
1035,51.5478,0.0407,25.0
1036,51.5478,0.0552,25.0
1037,51.5478,0.0697,26.0
1038,51.5478,0.0842,26.0
1039,51.5478,0.0987,1.0
1040,51.5478,0.1132,1.0
1041,51.5478,0.1277,1.0
1042,51.5478,0.1422,1.0
1043,51.5478,0.1567,1.0
1044,51.5478,0.1712,1.0
1045,51.5478,0.1857,1.0
1046,51.5478,0.2002,16.0
1047,51.5478,0.2147,16.0
1048,51.5478,0.2292,16.0
1049,51.5478,0.2437,16.0
1050,51.5478,0.2582,16.0
1051,51.5478,0.2727,16.0
1052,51.5478,0.2872,16.0
1053,51.5478,0.3017,16.0
1054,51.5478,0.3162,16.0
1055,51.5568,-0.4668,18.0
1056,51.5568,-0.4523,18.0
1057,51.5568,-0.4378,18.0
1058,51.5568,-0.4233,18.0
1059,51.5568,-0.4088,18.0
1060,51.5568,-0.3943,18.0
1061,51.5568,-0.3798,18.0
1062,51.5568,-0.3653,15.0
1063,51.5568,-0.3508,9.0
1064,51.5568,-0.3363,15.0
1065,51.5568,-0.3218,4.0
1066,51.5568,-0.3073,4.0
1067,51.5568,-0.2928,4.0
1068,51.5568,-0.2783,4.0
1069,51.5568,-0.2638,4.0
1070,51.5568,-0.2493,4.0
1071,51.5568,-0.2348,4.0
1072,51.5568,-0.2203,4.0
1073,51.5568,-0.2058,2.0
1074,51.5568,-0.1913,6.0
1075,51.5568,-0.1768,6.0
1076,51.5568,-0.1623,6.0
1077,51.5568,-0.1478,6.0
1078,51.5568,-0.1333,19.0
1079,51.5568,-0.1188,19.0
1080,51.5568,-0.1043,19.0
1081,51.5568,-0.0898,12.0
1082,51.5568,-0.0753,12.0
1083,51.5568,-0.0608,12.0
1084,51.5568,-0.0463,12.0
1085,51.5568,-0.0318,12.0
1086,51.5568,-0.0173,32.0
1087,51.5568,-0.0028,32.0
1088,51.5568,0.0117,32.0
1089,51.5568,0.0262,26.0
1090,51.5568,0.0407,26.0
1091,51.5568,0.0552,25.0
1092,51.5568,0.0697,26.0
1093,51.5568,0.0842,26.0
1094,51.5568,0.0987,26.0
1095,51.5568,0.1132,1.0
1096,51.5568,0.1277,1.0
1097,51.5568,0.1422,1.0
1098,51.5568,0.1567,1.0
1099,51.5568,0.1712,1.0
1100,51.5568,0.1857,16.0
1101,51.5568,0.2002,16.0
1102,51.5568,0.2147,16.0
1103,51.5568,0.2292,16.0
1104,51.5568,0.2437,16.0
1105,51.5568,0.2582,16.0
1106,51.5568,0.2727,16.0
1107,51.5568,0.2872,16.0
1108,51.5568,0.3017,16.0
1109,51.5568,0.3162,16.0
1110,51.5658,-0.4813,18.0
1111,51.5658,-0.4668,18.0
1112,51.5658,-0.4523,18.0
1113,51.5658,-0.4378,18.0
1114,51.5658,-0.4233,18.0
1115,51.5658,-0.4088,18.0
1116,51.5658,-0.3943,18.0
1117,51.5658,-0.3798,15.0
1118,51.5658,-0.3653,15.0
1119,51.5658,-0.3508,15.0
1120,51.5658,-0.3363,15.0
1121,51.5658,-0.3218,4.0
1122,51.5658,-0.3073,4.0
1123,51.5658,-0.2928,4.0
1124,51.5658,-0.2783,4.0
1125,51.5658,-0.2638,4.0
1126,51.5658,-0.2493,4.0
1127,51.5658,-0.2348,4.0
1128,51.5658,-0.2203,2.0
1129,51.5658,-0.2058,2.0
1130,51.5658,-0.1913,2.0
1131,51.5658,-0.1768,6.0
1132,51.5658,-0.1623,6.0
1133,51.5658,-0.1478,6.0
1134,51.5658,-0.1333,19.0
1135,51.5658,-0.1188,19.0
1136,51.5658,-0.1043,14.0
1137,51.5658,-0.0898,12.0
1138,51.5658,-0.0753,12.0
1139,51.5658,-0.0608,12.0
1140,51.5658,-0.0463,32.0
1141,51.5658,-0.0318,32.0
1142,51.5658,-0.0173,32.0
1143,51.5658,-0.0028,32.0
1144,51.5658,0.0117,32.0
1145,51.5658,0.0262,26.0
1146,51.5658,0.0407,26.0
1147,51.5658,0.0552,26.0
1148,51.5658,0.0697,26.0
1149,51.5658,0.0842,26.0
1150,51.5658,0.0987,26.0
1151,51.5658,0.1132,26.0
1152,51.5658,0.1277,1.0
1153,51.5658,0.1422,1.0
1154,51.5658,0.1567,16.0
1155,51.5658,0.1712,16.0
1156,51.5658,0.1857,16.0
1157,51.5658,0.2002,16.0
1158,51.5658,0.2147,16.0
1159,51.5658,0.2292,16.0
1160,51.5658,0.2437,16.0
1161,51.5658,0.2582,16.0
1162,51.5658,0.2727,16.0
1163,51.5658,0.2872,16.0
1164,51.5748,-0.4813,18.0
1165,51.5748,-0.4668,18.0
1166,51.5748,-0.4523,18.0
1167,51.5748,-0.4378,18.0
1168,51.5748,-0.4233,18.0
1169,51.5748,-0.4088,18.0
1170,51.5748,-0.3943,18.0
1171,51.5748,-0.3798,15.0
1172,51.5748,-0.3653,15.0
1173,51.5748,-0.3508,15.0
1174,51.5748,-0.3363,15.0
1175,51.5748,-0.3218,4.0
1176,51.5748,-0.3073,4.0
1177,51.5748,-0.2928,4.0
1178,51.5748,-0.2783,4.0
1179,51.5748,-0.2638,4.0
1180,51.5748,-0.2493,2.0
1181,51.5748,-0.2348,2.0
1182,51.5748,-0.2203,2.0
1183,51.5748,-0.2058,2.0
1184,51.5748,-0.1913,2.0
1185,51.5748,-0.1768,2.0
1186,51.5748,-0.1623,14.0
1187,51.5748,-0.1478,14.0
1188,51.5748,-0.1333,14.0
1189,51.5748,-0.1188,14.0
1190,51.5748,-0.1043,14.0
1191,51.5748,-0.0898,14.0
1192,51.5748,-0.0753,12.0
1193,51.5748,-0.0608,12.0
1194,51.5748,-0.0463,32.0
1195,51.5748,-0.0318,32.0
1196,51.5748,-0.0173,32.0
1197,51.5748,-0.0028,32.0
1198,51.5748,0.0117,32.0
1199,51.5748,0.0262,26.0
1200,51.5748,0.0407,26.0
1201,51.5748,0.0552,26.0
1202,51.5748,0.0697,26.0
1203,51.5748,0.0842,26.0
1204,51.5748,0.0987,26.0
1205,51.5748,0.1132,26.0
1206,51.5748,0.1277,26.0
1207,51.5748,0.1422,1.0
1208,51.5748,0.1567,16.0
1209,51.5748,0.1712,16.0
1210,51.5748,0.1857,16.0
1211,51.5748,0.2002,16.0
1212,51.5748,0.2147,16.0
1213,51.5748,0.2292,16.0
1214,51.5748,0.2437,16.0
1215,51.5748,0.2582,16.0
1216,51.5748,0.2727,16.0
1217,51.5838,-0.4813,18.0
1218,51.5838,-0.4668,18.0
1219,51.5838,-0.4523,18.0
1220,51.5838,-0.4378,18.0
1221,51.5838,-0.4233,18.0
1222,51.5838,-0.4088,18.0
1223,51.5838,-0.3943,18.0
1224,51.5838,-0.3798,15.0
1225,51.5838,-0.3653,15.0
1226,51.5838,-0.3508,15.0
1227,51.5838,-0.3363,15.0
1228,51.5838,-0.3218,15.0
1229,51.5838,-0.3073,4.0
1230,51.5838,-0.2928,4.0
1231,51.5838,-0.2783,4.0
1232,51.5838,-0.2638,4.0
1233,51.5838,-0.2493,2.0
1234,51.5838,-0.2348,2.0
1235,51.5838,-0.2203,2.0
1236,51.5838,-0.2058,2.0
1237,51.5838,-0.1913,2.0
1238,51.5838,-0.1768,2.0
1239,51.5838,-0.1623,14.0
1240,51.5838,-0.1478,14.0
1241,51.5838,-0.1333,14.0
1242,51.5838,-0.1188,14.0
1243,51.5838,-0.1043,14.0
1244,51.5838,-0.0898,14.0
1245,51.5838,-0.0753,14.0
1246,51.5838,-0.0608,14.0
1247,51.5838,-0.0463,32.0
1248,51.5838,-0.0318,32.0
1249,51.5838,-0.0173,32.0
1250,51.5838,-0.0028,32.0
1251,51.5838,0.0117,32.0
1252,51.5838,0.0262,26.0
1253,51.5838,0.0407,26.0
1254,51.5838,0.0552,26.0
1255,51.5838,0.0697,26.0
1256,51.5838,0.0842,26.0
1257,51.5838,0.0987,26.0
1258,51.5838,0.1132,26.0
1259,51.5838,0.1277,26.0
1260,51.5838,0.1422,1.0
1261,51.5838,0.1567,16.0
1262,51.5838,0.1712,16.0
1263,51.5838,0.1857,16.0
1264,51.5838,0.2002,16.0
1265,51.5838,0.2147,16.0
1266,51.5838,0.2292,16.0
1267,51.5838,0.2437,16.0
1268,51.5838,0.2582,16.0
1269,51.5838,0.2727,16.0
1270,51.5928,-0.4958,18.0
1271,51.5928,-0.4813,18.0
1272,51.5928,-0.4668,18.0
1273,51.5928,-0.4523,18.0
1274,51.5928,-0.4378,18.0
1275,51.5928,-0.4233,18.0
1276,51.5928,-0.4088,18.0
1277,51.5928,-0.3943,15.0
1278,51.5928,-0.3798,15.0
1279,51.5928,-0.3653,15.0
1280,51.5928,-0.3508,15.0
1281,51.5928,-0.3363,15.0
1282,51.5928,-0.3218,15.0
1283,51.5928,-0.3073,15.0
1284,51.5928,-0.2928,15.0
1285,51.5928,-0.2783,4.0
1286,51.5928,-0.2638,4.0
1287,51.5928,-0.2493,2.0
1288,51.5928,-0.2348,2.0
1289,51.5928,-0.2203,2.0
1290,51.5928,-0.2058,2.0
1291,51.5928,-0.1913,2.0
1292,51.5928,-0.1768,2.0
1293,51.5928,-0.1623,2.0
1294,51.5928,-0.1478,14.0
1295,51.5928,-0.1333,14.0
1296,51.5928,-0.1188,14.0
1297,51.5928,-0.1043,14.0
1298,51.5928,-0.0898,14.0
1299,51.5928,-0.0753,14.0
1300,51.5928,-0.0608,14.0
1301,51.5928,-0.0463,32.0
1302,51.5928,-0.0318,32.0
1303,51.5928,-0.0173,32.0
1304,51.5928,-0.0028,32.0
1305,51.5928,0.0117,32.0
1306,51.5928,0.0262,26.0
1307,51.5928,0.0407,26.0
1308,51.5928,0.0552,26.0
1309,51.5928,0.0697,26.0
1310,51.5928,0.0842,26.0
1311,51.5928,0.0987,26.0
1312,51.5928,0.1132,26.0
1313,51.5928,0.1277,26.0
1314,51.5928,0.1422,1.0
1315,51.5928,0.1567,16.0
1316,51.5928,0.1712,16.0
1317,51.5928,0.1857,16.0
1318,51.5928,0.2002,16.0
1319,51.5928,0.2147,16.0
1320,51.5928,0.2292,16.0
1321,51.5928,0.2437,16.0
1322,51.5928,0.2582,16.0
1323,51.6018,-0.4958,18.0
1324,51.6018,-0.4813,18.0
1325,51.6018,-0.4668,18.0
1326,51.6018,-0.4523,18.0
1327,51.6018,-0.4378,18.0
1328,51.6018,-0.4233,18.0
1329,51.6018,-0.4088,18.0
1330,51.6018,-0.3943,15.0
1331,51.6018,-0.3798,15.0
1332,51.6018,-0.3653,15.0
1333,51.6018,-0.3508,15.0
1334,51.6018,-0.3363,15.0
1335,51.6018,-0.3218,15.0
1336,51.6018,-0.3073,15.0
1337,51.6018,-0.2928,15.0
1338,51.6018,-0.2783,15.0
1339,51.6018,-0.2638,2.0
1340,51.6018,-0.2493,2.0
1341,51.6018,-0.2348,2.0
1342,51.6018,-0.2203,2.0
1343,51.6018,-0.2058,2.0
1344,51.6018,-0.1913,2.0
1345,51.6018,-0.1768,2.0
1346,51.6018,-0.1623,2.0
1347,51.6018,-0.1478,2.0
1348,51.6018,-0.1333,14.0
1349,51.6018,-0.1188,14.0
1350,51.6018,-0.1043,14.0
1351,51.6018,-0.0898,14.0
1352,51.6018,-0.0753,14.0
1353,51.6018,-0.0608,14.0
1354,51.6018,-0.0463,14.0
1355,51.6018,-0.0318,32.0
1356,51.6018,-0.0173,32.0
1357,51.6018,-0.0028,32.0
1358,51.6018,0.0117,32.0
1359,51.6018,0.0262,26.0
1360,51.6018,0.0407,26.0
1361,51.6018,0.0552,26.0
1362,51.6018,0.0697,26.0
1363,51.6018,0.0842,26.0
1364,51.6018,0.0987,26.0
1365,51.6018,0.1132,26.0
1366,51.6018,0.1277,26.0
1367,51.6018,0.1422,26.0
1368,51.6018,0.1567,16.0
1369,51.6018,0.1712,16.0
1370,51.6018,0.1857,16.0
1371,51.6018,0.2002,16.0
1372,51.6018,0.2147,16.0
1373,51.6018,0.2292,16.0
1374,51.6018,0.2437,16.0
1375,51.6108,-0.4958,18.0
1376,51.6108,-0.4813,18.0
1377,51.6108,-0.4668,18.0
1378,51.6108,-0.4523,18.0
1379,51.6108,-0.4378,18.0
1380,51.6108,-0.4233,18.0
1381,51.6108,-0.4088,18.0
1382,51.6108,-0.3943,15.0
1383,51.6108,-0.3798,15.0
1384,51.6108,-0.3653,15.0
1385,51.6108,-0.3508,15.0
1386,51.6108,-0.3363,15.0
1387,51.6108,-0.3218,15.0
1388,51.6108,-0.3073,15.0
1389,51.6108,-0.2928,15.0
1390,51.6108,-0.2783,2.0
1391,51.6108,-0.2638,2.0
1392,51.6108,-0.2493,2.0
1393,51.6108,-0.2348,2.0
1394,51.6108,-0.2203,2.0
1395,51.6108,-0.2058,2.0
1396,51.6108,-0.1913,2.0
1397,51.6108,-0.1768,2.0
1398,51.6108,-0.1623,2.0
1399,51.6108,-0.1478,2.0
1400,51.6108,-0.1333,10.0
1401,51.6108,-0.1188,10.0
1402,51.6108,-0.1043,10.0
1403,51.6108,-0.0898,10.0
1404,51.6108,-0.0753,10.0
1405,51.6108,-0.0608,10.0
1406,51.6108,-0.0463,10.0
1407,51.6108,-0.0318,32.0
1408,51.6108,-0.0173,32.0
1409,51.6108,-0.0028,32.0
1410,51.6108,0.0117,32.0
1411,51.6108,0.0262,26.0
1412,51.6108,0.0407,26.0
1413,51.6108,0.0987,26.0
1414,51.6108,0.1132,26.0
1415,51.6108,0.1277,26.0
1416,51.6108,0.1422,26.0
1417,51.6108,0.1567,16.0
1418,51.6108,0.1712,16.0
1419,51.6108,0.1857,16.0
1420,51.6108,0.2002,16.0
1421,51.6108,0.2147,16.0
1422,51.6108,0.2292,16.0
1423,51.6108,0.2437,16.0
1424,51.6108,0.2582,16.0
1425,51.6198,-0.4958,18.0
1426,51.6198,-0.4813,18.0
1427,51.6198,-0.3653,15.0
1428,51.6198,-0.3508,15.0
1429,51.6198,-0.3363,15.0
1430,51.6198,-0.3218,15.0
1431,51.6198,-0.3073,15.0
1432,51.6198,-0.2928,15.0
1433,51.6198,-0.2783,2.0
1434,51.6198,-0.2638,2.0
1435,51.6198,-0.2493,2.0
1436,51.6198,-0.2348,2.0
1437,51.6198,-0.2203,2.0
1438,51.6198,-0.2058,2.0
1439,51.6198,-0.1913,2.0
1440,51.6198,-0.1768,2.0
1441,51.6198,-0.1623,2.0
1442,51.6198,-0.1478,2.0
1443,51.6198,-0.1333,10.0
1444,51.6198,-0.1188,10.0
1445,51.6198,-0.1043,10.0
1446,51.6198,-0.0898,10.0
1447,51.6198,-0.0753,10.0
1448,51.6198,-0.0608,10.0
1449,51.6198,-0.0463,10.0
1450,51.6198,-0.0318,10.0
1451,51.6198,-0.0173,32.0
1452,51.6198,-0.0028,32.0
1453,51.6198,0.0117,32.0
1454,51.6198,0.0262,26.0
1455,51.6198,0.1277,26.0
1456,51.6198,0.1422,16.0
1457,51.6198,0.1567,16.0
1458,51.6198,0.1712,16.0
1459,51.6198,0.1857,16.0
1460,51.6198,0.2002,16.0
1461,51.6198,0.2147,16.0
1462,51.6198,0.2292,16.0
1463,51.6198,0.2437,16.0
1464,51.6288,-0.4958,18.0
1465,51.6288,-0.3363,15.0
1466,51.6288,-0.3218,15.0
1467,51.6288,-0.3073,15.0
1468,51.6288,-0.2928,2.0
1469,51.6288,-0.2783,2.0
1470,51.6288,-0.2638,2.0
1471,51.6288,-0.2493,2.0
1472,51.6288,-0.2348,2.0
1473,51.6288,-0.2203,2.0
1474,51.6288,-0.2058,2.0
1475,51.6288,-0.1913,2.0
1476,51.6288,-0.1768,2.0
1477,51.6288,-0.1623,2.0
1478,51.6288,-0.1478,2.0
1479,51.6288,-0.1333,2.0
1480,51.6288,-0.1188,10.0
1481,51.6288,-0.1043,10.0
1482,51.6288,-0.0898,10.0
1483,51.6288,-0.0753,10.0
1484,51.6288,-0.0608,10.0
1485,51.6288,-0.0463,10.0
1486,51.6288,-0.0318,10.0
1487,51.6288,-0.0173,32.0
1488,51.6288,-0.0028,32.0
1489,51.6288,0.0117,32.0
1490,51.6288,0.2292,16.0
1491,51.6378,-0.2783,2.0
1492,51.6378,-0.2638,2.0
1493,51.6378,-0.2493,2.0
1494,51.6378,-0.2348,2.0
1495,51.6378,-0.2203,2.0
1496,51.6378,-0.2058,2.0
1497,51.6378,-0.1913,2.0
1498,51.6378,-0.1768,2.0
1499,51.6378,-0.1623,2.0
1500,51.6378,-0.1478,2.0
1501,51.6378,-0.1333,10.0
1502,51.6378,-0.1188,10.0
1503,51.6378,-0.1043,10.0
1504,51.6378,-0.0898,10.0
1505,51.6378,-0.0753,10.0
1506,51.6378,-0.0608,10.0
1507,51.6378,-0.0463,10.0
1508,51.6378,-0.0318,10.0
1509,51.6378,-0.0173,10.0
1510,51.6378,-0.0028,32.0
1511,51.6378,0.0117,32.0
1512,51.6468,-0.2493,2.0
1513,51.6468,-0.2348,2.0
1514,51.6468,-0.2203,2.0
1515,51.6468,-0.2058,2.0
1516,51.6468,-0.1913,2.0
1517,51.6468,-0.1768,2.0
1518,51.6468,-0.1623,2.0
1519,51.6468,-0.1478,10.0
1520,51.6468,-0.1333,10.0
1521,51.6468,-0.1188,10.0
1522,51.6468,-0.1043,10.0
1523,51.6468,-0.0898,10.0
1524,51.6468,-0.0753,10.0
1525,51.6468,-0.0608,10.0
1526,51.6468,-0.0463,10.0
1527,51.6468,-0.0318,10.0
1528,51.6468,-0.0173,10.0
1529,51.6558,-0.2493,2.0
1530,51.6558,-0.2348,2.0
1531,51.6558,-0.2203,2.0
1532,51.6558,-0.2058,2.0
1533,51.6558,-0.1913,2.0
1534,51.6558,-0.1768,2.0
1535,51.6558,-0.1623,2.0
1536,51.6558,-0.1478,10.0
1537,51.6558,-0.1333,10.0
1538,51.6558,-0.1188,10.0
1539,51.6558,-0.1043,10.0
1540,51.6558,-0.0898,10.0
1541,51.6558,-0.0753,10.0
1542,51.6558,-0.0608,10.0
1543,51.6558,-0.0463,10.0
1544,51.6558,-0.0318,10.0
1545,51.6558,-0.0173,10.0
1546,51.6648,-0.2058,2.0
1547,51.6648,-0.1768,10.0
1548,51.6648,-0.1623,10.0
1549,51.6648,-0.1478,10.0
1550,51.6648,-0.1333,10.0
1551,51.6648,-0.1188,10.0
1552,51.6648,-0.1043,10.0
1553,51.6648,-0.0898,10.0
1554,51.6648,-0.0753,10.0
1555,51.6648,-0.0608,10.0
1556,51.6648,-0.0463,10.0
1557,51.6648,-0.0318,10.0
1558,51.6648,-0.0173,10.0
1559,51.6738,-0.1623,10.0
1560,51.6738,-0.1478,10.0
1561,51.6738,-0.1333,10.0
1562,51.6738,-0.1188,10.0
1563,51.6738,-0.1043,10.0
1564,51.6738,-0.0898,10.0
1565,51.6738,-0.0753,10.0
1566,51.6738,-0.0608,10.0
1567,51.6738,-0.0463,10.0
1568,51.6738,-0.0318,10.0
1569,51.6738,-0.0173,10.0
1570,51.6828,-0.1623,10.0
1571,51.6828,-0.1478,10.0
1572,51.6828,-0.1333,10.0
1573,51.6828,-0.1188,10.0
1574,51.6828,-0.1043,10.0
1575,51.6828,-0.0898,10.0
1576,51.6828,-0.0753,10.0
1577,51.6828,-0.0608,10.0
1578,51.6828,-0.0463,10.0
1579,51.6918,-0.1043,10.0
